,school_name_x,year,pta_income,pta_expenditure,pta_start_balance,pta_end_balance,balance_wy_diff_flag,lag_pta_end_balance,end_to_start_balance_diff,balance_xy_diff_flag,pta_start_balance_wy_transaction_flag,pta_income_wy_transaction_flag,pta_expenditure_wy_transaction_flag,pta_end_balance_wy_transaction_flag,pta_start_balance_ws_transaction_flag,pta_income_ws_transaction_flag,pta_expenditure_ws_transaction_flag,pta_end_balance_ws_transaction_flag,any_wy_transaction_flag,any_ws_transaction_flag,any_transaction_flag,anomaly_flag
6,P.S. 110 Florence Nightingale,2019,4457595.0,6669346.0,61617.51,39600.0,True,,,False,False,False,False,False,False,False,False,False,False,False,False,True
24,"New Explorations into Science, Technology and Math",2019,1479000.0,1302000.0,542257.0,719257.0,False,,,False,True,False,False,False,False,False,False,False,True,False,True,True
31,P.S. 006 Lillie D. Blake,2019,936143.84,1068005.26,1220153.0,1033236.92,True,,,False,True,False,False,True,False,False,False,False,True,False,True,True
34,P.S. 040 Augustus Saint-Gaudens,2019,498759.0,561676.0,666144.0,603226.0,False,,,False,True,False,False,False,False,False,False,False,True,False,True,True
35,P.S. 041 Greenwich Village,2019,1023319.0,975740.0,627391.0,673784.68,False,,,False,True,False,False,False,False,False,False,False,True,False,True,True
39,P.S. 059 Beekman Hill International,2019,851102.86,864103.82,580951.59,567950.18,False,,,False,True,False,False,False,False,False,False,False,True,False,True,True
40,P.S. 77 Lower Lab School,2019,589848.0,531821.0,491073.0,549099.0,False,,,False,True,False,False,False,False,False,False,False,True,False,True,True
59,P.S. 212 Midtown West,2019,214533.0,216240.0,297788.14,341884.0,True,,,False,False,False,False,False,False,False,False,False,False,False,False,True
66,Battery Park City School,2019,646377.93,623983.47,845829.32,868223.78,False,,,False,True,False,False,False,False,False,False,False,True,False,True,True
72,P.S. 290 Manhattan New School,2019,683811.55,778843.8,930581.76,835549.51,False,,,False,True,False,False,False,False,False,False,False,True,False,True,True
87,Gramercy Arts High School,2019,600.0,0.0,600.0,600.0,False,,,False,False,False,False,False,True,True,False,True,False,True,True,True
92,Spruce Street School,2019,46566.58,438361.17,451912.85,27303.41,True,,,False,False,False,False,False,False,False,False,False,False,False,False,True
116,High School of Economics and Finance,2019,490.52,60.0,490.52,430.52,False,,,False,False,False,False,False,False,True,True,False,False,True,True,True
146,P.S. 009 Sarah Anderson,2019,783805.0,821096.0,0.0,37291.0,True,,,False,False,False,False,False,False,False,False,False,False,False,False,True
151,P.S. 087 William Sherman,2019,2086338.0,839122.0,1223341.0,1247216.0,True,,,False,True,False,False,True,False,False,False,False,True,False,True,True
160,P.S. 199 Jessie Isador Straus,2019,705415.81,791450.08,712248.93,626214.66,False,,,False,True,False,False,False,False,False,False,False,True,False,True,True
173,The Anderson School,2019,1030522.95,727172.71,1825898.2,2129248.44,False,,,False,True,False,False,True,False,False,False,False,True,False,True,True
175,The Global Learning Collaborative,2019,48.0,2.0,1031.59,1077.59,False,,,False,False,False,False,False,False,True,True,False,False,True,True,True
180,P.S. 452,2019,427044.0,486809.0,438791.0,364542.0,True,,,False,False,False,False,False,False,False,False,False,False,False,False,True
222,P.S. 092 Mary McLeod Bethune,2019,6408.92,6455.2,362.83,46.08,False,,,False,False,False,False,False,False,True,True,False,False,True,True,True
255,P.S. 115 Alexander Humboldt,2019,1566.0,646.0,20.0,920.0,False,,,False,False,False,False,False,False,False,False,True,False,True,True,True
285,High School for Media and Communications,2019,23600.0,22575.33,0.0,1024.67,False,,,False,False,False,False,False,False,False,True,False,False,True,True,True
298,P.S./M.S. 031 The William Lloyd Garrison,2019,464423.0,3320.06,3058.0,15862.0,True,,,False,False,False,False,False,False,False,False,False,False,False,False,True
312,South Bronx Academy for Applied Media,2019,0.0,78.0,78.0,0.0,False,,,False,False,False,False,False,True,False,False,False,False,True,True,True
345,J.H.S. 123 James M. Kieran,2019,823.0,823.0,0.0,0.0,False,,,False,False,False,False,False,False,True,True,False,False,True,True,True
361,The Longwood Academy of Discovery,2019,3573071.0,3570.0,2171071.0,0.71,True,,,False,True,False,False,False,False,False,False,False,True,False,True,True
372,The Hunts Point School,2019,24.44,24.44,24.44,24.44,False,,,False,False,False,False,False,True,False,True,False,False,True,True,True
389,P.S. 042 Claremont,2019,2697.47,2876.93,723.51,175.46,False,,,False,False,False,False,False,False,False,True,False,False,True,True,True
394,P.S. 070 Max Schoenfeld,2019,0.0,841.82,1300.0,458.18,False,,,False,False,False,False,False,True,False,False,False,False,True,True,True
396,P.S. X088 - S. Silverstein Little Sparrow School,2019,0.0,0.0,285.75,285.75,False,,,False,False,False,False,False,True,False,False,True,False,True,True,True
410,I.S. 219 New Venture School,2019,4475.5,4487.0,4475.5,0.0,False,,,False,False,False,False,False,True,True,True,False,False,True,True,True
447,High School for Violin and Dance,2019,1109.78,150.0,800.75,959.78,False,,,False,False,False,False,False,False,False,True,False,False,True,True,True
454,Milton Fein School,2019,2479770.0,1491944.0,1459545.0,987826.0,True,,,False,True,False,False,True,True,True,True,True,True,True,True,True
476,P.S. 094 Kings College School,2019,0.0,105.0,3132.03,33027.03,True,,,False,False,False,False,False,False,False,False,False,False,False,False,True
478,J.H.S. 118 William W. Niles,2019,2088.82,2086.3,795.32,2.52,False,,,False,False,False,False,False,True,True,True,False,False,True,True,True
487,P.S. 226,2019,6476.42,6982.87,527.74,21.29,False,,,False,False,False,False,False,False,True,True,False,False,True,True,True
513,Academy For Personal Leadership And Excellence,2019,1600.0,1620.0,20.0,0.0,False,,,False,False,False,False,False,True,False,False,False,False,True,True,True
530,Creston Academy,2019,5696.83,4528.71,366.58,1168.12,False,,,False,False,False,False,False,False,True,False,False,False,True,True,True
545,P.S. 087 Bronx,2019,3260.11,6114.11,4753.52,1869.52,False,,,False,False,False,False,False,False,False,True,False,False,True,True,True
584,The STEAM Bridge School,2019,2998.59,584.32,1309.59,241427.0,True,,,False,False,False,False,False,False,False,False,True,False,True,True,True
585,The Matilda Avenue School,2019,7734.0,9352.4,1879.1,260.7,False,,,False,False,False,False,False,False,False,True,False,False,True,True,True
602,P.S. 057 Crescent,2019,456.93,4341.94,1289.93,224.99,False,,,False,False,False,False,False,True,False,False,False,False,True,True,True
613,P.S. 211,2019,2176.0,1950.0,492.0,226.0,False,,,False,False,False,False,False,False,False,True,False,False,True,True,True
626,Kappa III,2019,213.05,127.0,63.05,86.05,False,,,False,False,False,False,False,False,True,True,False,False,True,True,True
640,P.S. 536,2019,11331.75,1650.0,200.0,2269.0,False,,,False,False,False,False,False,False,False,False,True,False,True,True,True
649,P.S. 011 Purvis J. Behan,2019,1046661.4,865775.97,17196623.0,180885.43,True,,,False,True,False,False,False,False,False,False,False,True,False,True,True
658,P.S. 133 William A. Butler,2019,76021352.0,74615499.0,27027421.0,28433274.0,False,,,False,True,False,False,True,True,True,True,True,True,True,True,True
696,P.S. 084 Jose De Diego,2019,115971.35,109480.12,84987.46,78496.23,True,,,False,False,False,False,False,False,False,False,False,False,False,False,True
701,P.S. 147 Isaac Remsen,2019,5862949.0,40979.38,1024499.0,17650.11,True,,,False,True,False,False,False,True,True,False,False,True,True,True,True
717,Williamsburg High School for Architecture and Desi,2019,0.0,1323.86,1323.86,0.0,False,,,False,False,False,False,False,True,False,True,False,False,True,True,True
718,Williamsburg Preparatory School,2019,0.0,1538.36,1538.36,0.0,False,,,False,False,False,False,False,True,False,True,False,False,True,True,True
726,"Magnet School of Math, Science and Design Technolo",2019,943960.31,962541.67,568903.65,550322.29,False,,,False,True,False,False,False,False,False,False,False,True,False,True,True
729,P.S. 029 John M. Harrigan,2019,1733654.0,1657418.0,604229.0,680465.0,False,,,False,True,False,False,False,False,False,False,False,True,False,True,True
741,P.S. 131 Brooklyn,2019,25962.45,24059.89,106.70200000000001,1902.56,False,,,False,False,False,False,False,False,False,True,False,False,True,True,True
743,"The Brooklyn New School, P.S. 146",2019,274238.41,273479.34,46553.29,196404.98,True,,,False,False,False,False,False,False,False,False,False,False,False,False,True
744,The Windsor Terrace School,2019,299754.79,346975.31,462931.46,401643.67,True,,,False,False,False,False,False,False,False,False,False,False,False,False,True
748,P.S. 261 Philip Livingston,2019,373279.36,309775.86,0.0,83916.71,True,,,False,False,False,False,False,False,False,False,False,False,False,False,True
813,P.S. 289 George V. Brower,2019,5135.28,5556.92,1274.03,852.36,False,,,False,False,False,False,False,False,True,True,False,False,True,True,True
838,Medgar Evers College Preparatory School,2019,39736.0,29261.0,10394.93,1039493.0,True,,,False,False,False,False,True,False,False,False,False,True,False,True,True
842,New Heights Middle School,2019,2570.91,1044.0,322.3,1526.91,False,,,False,False,False,False,False,False,True,False,False,False,True,True,True
879,P.S. 007 Abraham Lincoln,2019,5476.7,6272.06,2990.07,2194.71,False,,,False,False,False,False,False,False,False,True,False,False,True,True,True
889,P.S. 202 Ernest S. Jenkyns,2019,3349.95,3148.03,1044.35,201.92,False,,,False,False,False,False,False,True,False,False,False,False,True,True,True
892,J.H.S. 218 James P. Sinnott,2019,170.0,170.0,0.0,0.0,False,,,False,False,False,False,False,False,True,True,False,False,True,True,True
924,School for Classics High School,2019,0.0,0.0,285.0,285.0,False,,,False,False,False,False,False,True,False,False,False,False,True,True,True
927,Legacy School of the Arts,2019,250.0,595.0,0.0,201.0,False,,,False,False,False,False,False,False,True,True,True,False,True,True,True
969,P.S. 748 Brooklyn School for Global Scholars,2019,4994493.0,48618.0,33468.5,3479539.0,True,,,False,False,False,False,True,False,True,False,True,True,True,True,True
978,P.S. 101 The Verrazano,2019,60156.78,43874.41,5663.81,16282.37,False,,,False,False,False,False,False,True,False,False,False,False,True,True,True
1009,Brooklyn Studio Secondary School,2019,11739.87,8734.67,5179.09,3005.2,False,,,False,False,False,False,False,False,True,False,False,False,True,True,True
1028,P.S. 222 Katherine R. Snyder,2019,144317.26,114563.79,415.685,29753.47,False,,,False,False,False,False,False,False,False,True,False,False,True,True,True
1029,J.H.S. 234 Arthur W. Cunningham,2019,29511.8,32985.48,9290.98,5817.3,False,,,False,False,False,False,False,False,False,True,False,False,True,True,True
1059,"The Gregory Jocko Jackson School of Sports, Art, a",2019,6212.5,5716.0,878.5,496.5,False,,,False,False,False,False,False,True,True,True,True,False,True,True,True
1117,Pan American International High School,2019,389.56,389.56,389.56,0.0,False,,,False,False,False,False,False,True,True,True,False,False,True,True,True
1163,Queens High School for Language Studies,2019,7361.21,4183095.0,2592.59,3177.26,True,,,False,False,False,False,False,False,False,False,False,False,False,False,True
1229,P.S. 100 Glen Morris,2019,52191.41,49733.11,8765.01,1456.3,False,,,False,False,False,False,False,False,True,True,False,False,True,True,True
1248,P.S. 253,2019,3339.77,3124.95,201.85,214.82,False,,,False,False,False,False,False,False,True,False,False,False,True,True,True
1252,Channel View School for Research,2019,10181.44,4280.11,5840.99,5901.33,False,,,False,False,False,False,False,False,True,True,False,False,True,True,True
1257,New York City Academy for Discovery,2019,11730.24,9092.03,1199.74,263821.0,True,,,False,False,False,False,False,False,False,False,False,False,False,False,True
1265,Scholars' Academy,2019,185357.64,108072.38,43546.32,64914.12,True,,,False,False,False,False,False,True,False,False,False,False,True,True,True
1285,P.S. Q086,2019,13512.13,11818.95,1379.86,1693.18,False,,,False,False,False,False,False,False,True,True,False,False,True,True,True
1316,The Jermaine L. Green STEM Institute of Queens,2019,4660.82,1545.57,726.39,33817.12,True,,,False,False,False,False,False,False,False,False,False,False,False,False,True
1323,Queens High School for the Sciences at York Colleg,2019,0.0,1083.1,6557.72,5474062.0,True,,,False,False,False,False,True,False,False,False,False,True,False,True,True
1375,P.S. 017 Henry David Thoreau,2019,4638707.0,29117.17,11702.07,17269.9,True,,,False,False,False,False,False,False,False,False,False,False,False,False,True
1392,P.S. 150 Queens,2019,6050.0,3420.0,26195.0,46194.19,True,,,False,False,False,False,False,False,False,False,False,False,False,False,True
1398,P.S. 212,2019,23673.05,12406.62,4411.82,11266.43,False,,,False,False,False,False,False,True,False,False,False,False,True,True,True
1408,Hunters Point Community Middle School,2019,9931.0,10566.0,16149.05,151514.05,True,,,False,False,False,False,False,False,False,False,False,False,False,False,True
1414,William Cullen Bryant High School,2019,954.12,295.0,659.12,954.12,False,,,False,False,False,False,False,False,False,True,False,False,True,True,True
1420,Baccalaureate School for Global Education,2019,124818.92,4.0,88963.82,,True,,,False,False,False,False,False,False,False,False,False,False,False,False,True
1426,P.S. 6 Corporal Allan F. Kivlehan School,2019,135510.29,90274.2,77632.67,84922.66,True,,,False,False,False,False,False,False,False,False,False,False,False,False,True
1427,I.S. 007 Elias Bernstein,2019,34986.6,97880.79,78083.59,15189.4,False,,,False,False,False,False,False,True,False,False,False,False,True,True,True
1461,P.S. 050 Frank Hankinson,2019,54407.39,72661.29,13370.85,18253.9,True,,,False,False,False,False,False,False,False,False,False,False,False,False,True
1478,P.S. 069 Daniel D. Tompkins,2019,101599.04,94135.51,8872.67,7463.53,False,,,False,False,False,False,False,True,False,False,False,False,True,True,True
1526,P.S. 110 Florence Nightingale,2020,50476.19921875,32750.630859375,38081.3203125,555806.875,True,39600.0,1518.6796875,False,False,False,False,False,False,False,False,False,False,False,False,True
1530,P.S. 184m Shuang Wen,2020,71590.0,48316.0,1794.09,23274.0,False,137796.35,136002.26,True,False,False,False,False,False,False,False,False,False,False,False,True
1537,Earth School,2020,0.0,0.0,0.0,0.0,False,131088.0,131088.0,True,False,False,False,False,False,False,False,False,False,False,False,True
1542,"New Explorations into Science, Technology and Math",2020,1246963.0,1246185.0,942035.0,942813.0,False,719257.0,222778.0,True,True,False,False,False,False,False,False,False,True,False,True,True
1546,P.S. 002 Meyer London,2020,252115.0,14324.2802734375,10633.490234375,21520.7109375,True,10633.49,0.00023437500021827873,False,False,False,False,False,False,False,False,False,False,False,False,True
1548,P.S. 006 Lillie D. Blake,2020,947286.0,1036385.0,1033266.0,959260.0,True,1033236.92,29.07999999995809,False,True,False,False,False,False,False,False,False,True,False,True,True
1550,P.S. 033 Chelsea Prep,2020,278476.0,170895.0,424496.0,532077.0,False,117462.0,307034.0,True,False,False,False,False,False,False,False,False,False,False,False,True
1551,P.S. 040 Augustus Saint-Gaudens,2020,187291.0,349180.0,602519.0,440631.0,False,603226.0,707.0,False,True,False,False,False,False,False,False,False,True,False,True,True
1552,P.S. 041 Greenwich Village,2020,259860.0,283227.0,518696.0,542063.0,True,673784.68,155088.68000000005,True,False,False,False,False,False,False,False,False,False,False,False,True
1556,P.S. 059 Beekman Hill International,2020,600079.0,484543.78125,567950.625,683485.875,False,567950.18,0.44499999994877726,False,True,False,False,False,False,False,False,False,True,False,True,True
1557,P.S. 77 Lower Lab School,2020,432369.0,527302.0,549099.0,454166.0,False,549099.0,0.0,False,True,False,False,False,False,False,False,False,True,False,True,True
1561,East Side Middle School,2020,185694.015625,105646.0,1044.080234375,80048.0234375,False,102392.0,101347.919765625,True,False,False,False,False,False,False,False,False,False,False,False,True
1565,P.S. 130 Hernando De Soto,2020,171588.0,233783.0,915430.0,853235.0,False,871768.0,43662.0,False,True,False,False,False,False,False,False,False,True,False,True,True
1569,P.S. 150,2020,273931.0,259236.0,194738.0,209433.0,False,325759.0,131021.0,True,False,False,False,False,False,False,False,False,False,False,False,True
1570,Yorkville Community School,2020,108911.0,162872.0,248599.0,194638.0,False,390568.0,141969.0,True,False,False,False,False,False,False,False,False,False,False,False,True
1572,J.H.S. 167 Robert F. Wagner,2020,726379.625,316647.65625,4644.975,409732.0,False,464497.5,459852.525,True,False,False,False,False,False,False,False,False,False,False,False,True
1575,P.S. 198 Isador E. Ida Straus,2020,501922.0,161277.0,3165.18,340645.0,False,320200.0,317034.82,True,False,False,False,False,False,False,False,False,False,False,False,True
1576,P.S. 212 Midtown West,2020,90029.0,94103.0,4304731.5,300657.5625,True,341884.0,3962847.5,True,True,False,False,False,False,False,False,False,True,False,True,True
1580,M.S. 255 Salk School of Science,2020,629323.0,186177.0,5103.07,443146.0,False,58391.0,53287.93,True,False,False,False,False,False,False,False,False,False,False,False,True
1583,Battery Park City School,2020,461247.375,561600.0,842837.5,742484.875,False,868223.78,25386.280000000028,False,True,False,False,False,False,False,False,False,True,False,True,True
1589,P.S. 290 Manhattan New School,2020,1308072.0,674773.1875,8807.64625,633298.875,False,835549.51,826741.86375,True,False,False,False,False,False,False,False,False,False,False,False,True
1598,New York City Lab Middle School for Collaborative,2020,29182732.0,11580096.0,15619610.0,17602636.0,True,156196.1,15463413.9,True,True,False,False,True,False,False,False,False,True,False,True,True
1600,Sixth Avenue Elementary School,2020,45000.0,45000.0,31337.0,31337.0,False,150876.0,119539.0,True,False,False,False,False,False,False,False,False,False,False,False,True
1607,Spruce Street School,2020,211849.0,280120.0,488533.0,416803.0,False,27303.41,461229.59,True,False,False,False,False,False,False,False,False,False,False,False,True
1617,Millennium High School,2020,70378.0,60420.0,703.78,9958.0,False,93474.39,92770.61,True,False,False,False,False,False,False,False,False,False,False,False,True
1629,Stuyvesant High School,2020,1026617.0,343698.0,5301.02,682919.0,False,532024.0,526722.98,True,False,False,False,False,False,False,False,False,False,False,False,True
1650,Lower Manhattan Community Middle School,2020,92319.140625,157453.890625,155012.484375,89877.7265625,False,30747.44,124265.044375,True,False,False,False,False,False,False,False,False,False,False,False,True
1653,J.H.S. 054 Booker T. Washington,2020,330638.34375,469939.71875,868748.6875,729447.3125,False,898416.74,29668.05249999999,False,True,False,False,False,False,False,False,False,True,False,True,True
1654,P.S. 075 Emily Dickinson,2020,437243.25,172688.4375,3090.3003125,264536.84375,False,306787.54,303697.2396875,True,False,False,False,False,False,False,False,False,False,False,False,True
1656,P.S. 084 Lillian Weber,2020,620940.25,367758.90625,1781.5565625,253181.3125,False,171521.43,169739.8734375,True,False,False,False,False,False,False,False,False,False,False,False,True
1657,P.S. 087 William Sherman,2020,271227.0,456160.0,1247216.0,1062283.0,False,1247216.0,0.0,False,True,False,False,False,False,False,False,False,True,False,True,True
1666,P.S. 199 Jessie Isador Straus,2020,1259367.0,516874.0,6044.33625,742493.0,False,626214.66,620170.32375,True,False,False,False,False,False,False,False,False,False,False,False,True
1669,M.S. 243 Center School,2020,74757.2421875,105006.6328125,112187.2890625,30249.390625,True,111420.86,766.4290624999994,False,False,False,False,False,False,False,False,False,False,False,False,True
1670,M.S. M245 The Computer School,2020,601987.0,102767.0,5214.31,499220.0,False,527896.0,522681.69,True,False,False,False,False,False,False,False,False,False,False,False,True
1671,M.S. M247 Dual Language Middle School,2020,90254.2109375,3313356.0,90254.2109375,53120.6484375,True,,,False,False,False,False,False,False,False,False,False,False,False,False,True
1679,The Anderson School,2020,811875.3125,925822.9375,2129030.25,2015082.75,False,2129248.44,218.18999999994412,False,True,False,False,True,False,False,False,False,True,False,True,True
1685,P.S. 452,2020,121750.0,112900.0,157158.0,166008.0,False,364542.0,207384.0,True,False,False,False,False,False,False,False,False,False,False,False,True
1691,Special Music School,2020,158176.0,112817.0,94198.0,161249.0,True,115932.0,21734.0,False,False,False,False,False,False,False,False,False,False,False,False,True
1734,P.S. 175 Henry H Garnet,2020,670.3699951171875,,83.80000305175781,754.1699829101562,True,83.84,0.03999694824219091,False,False,False,False,False,False,False,False,False,False,False,False,True
1747,"High School for Mathematics, Science and Engineeri",2020,118173.8984375,122272.2890625,182811.796875,178713.40625,False,52421.74,130390.05687500001,True,False,False,False,False,False,False,False,False,False,False,False,True
1757,P.S. 115 Alexander Humboldt,2020,5532.0,5337.0,100.0,195.0,False,920.0,820.0,False,False,False,False,False,True,True,True,False,False,True,True,True
1769,P.S./I.S. 210 - Twenty-first Century Academy for C,2020,15885.9501953125,12743.419921875,7126.16015625,3412.530029296875,False,4356.51,2769.65015625,False,False,False,False,False,True,False,False,False,False,True,True,True
1847,P.S. X140 The Eagle School,2020,1500.0,3753.219970703125,2251.43994140625,1.7799999713897705,False,2315.84,64.40005859375015,False,False,False,False,False,True,False,False,False,False,True,True,True
1915,Bronx Center for Science and Mathematics,2020,140.0,,911.5,1051.5,True,891.5,20.0,False,False,False,False,False,False,False,False,False,False,False,False,True
1916,Validus Preparatory Academy,2020,0.0,0.0,19.75,26.25,False,0.0,19.75,False,False,False,False,False,True,False,False,True,False,True,True,True
1950,Milton Fein School,2020,24351.91015625,9958.6904296875,110.226201171875,14393.2197265625,False,987826.0,987715.7737988281,True,False,False,False,False,False,False,False,False,False,False,False,True
1974,J.H.S. 118 William W. Niles,2020,231.25,0.0,0.0,231.25,False,2.52,2.52,False,False,False,False,False,False,False,False,True,False,True,True,True
1975,Riverdale / Kingsbridge Academy (Middle School / H,2020,32273.880859375,2283189.0,48015.76953125,944199.0,True,,,False,False,False,False,False,False,False,False,False,False,False,False,True
2008,Academy For Personal Leadership And Excellence,2020,2050.0,1847.43994140625,0.0,202.55999755859375,False,0.0,0.0,False,False,False,False,False,False,False,False,True,False,True,True,True
2023,The Bronx High School of Science,2020,707900.875,340890.75,4106.2278125,367010.15625,False,410498.42,406392.1921875,True,False,False,False,False,False,False,False,False,False,False,False,True
2078,The STEAM Bridge School,2020,2864.27001953125,846.989990234375,2410.27001953125,2017.280029296875,False,241427.0,239016.72998046875,True,False,False,False,False,False,False,False,False,False,False,False,True
2139,P.S. 008 Robert Fulton,2020,1161345.375,737227.8125,5166.66625,424124.15625,False,511302.4,506135.73375,True,False,False,False,False,False,False,False,False,False,False,False,True
2141,P.S. 011 Purvis J. Behan,2020,860926.5625,329389.625,2309.6646875,531536.9375,False,180885.43,178575.7653125,True,False,False,False,False,False,False,False,False,False,False,False,True
2150,P.S. 133 William A. Butler,2020,629354.0,588366.5,284323.75,325320.25,False,28433274.0,28148950.25,True,False,False,False,False,False,False,False,False,False,False,False,True
2155,P.S. 282 Park Slope,2020,159744.40625,95382.25,712.576171875,64362.1484375,False,75215.26,74502.683828125,True,False,False,False,False,False,False,False,False,False,False,False,True
2168,Academy of Arts and Letters,2020,462933.0,297720.0,1497.31,165213.0,False,133548.0,132050.69,True,False,False,False,False,False,False,False,False,False,False,False,True
2174,Benjamin Banneker Academy,2020,874.2100219726562,781.260009765625,45.0,92.94999694824219,False,45.0,0.0,False,False,False,False,False,False,False,True,False,False,True,True,True
2199,P.S. 319,2020,0.0,1535.0,4678.0,31423.0,True,3188.0,1490.0,False,False,False,False,False,False,False,False,False,False,False,False,True
2217,"Magnet School of Math, Science and Design Technolo",2020,532325.125,502671.0625,5518.234375,29654.080078125,False,550322.29,544804.055625,True,False,False,False,False,False,False,False,False,False,False,False,True
2220,P.S. 029 John M. Harrigan,2020,1024481.0,1212496.0,705169.0,517154.0,False,680465.0,24704.0,False,True,False,False,False,False,False,False,False,True,False,True,True
2222,P.S. 038 The Pacific,2020,459130.875,233536.09375,466.78828125,225594.765625,False,60010.29,59543.50171875,True,False,False,False,False,False,False,False,False,False,False,False,True
2225,P.S. 058 The Carroll,2020,1731739.0,1969154.0,530047.0,292632.0,False,163638.0,366409.0,True,True,False,False,False,False,False,False,False,True,False,True,True
2234,"The Brooklyn New School, P.S. 146",2020,142378.0,106333.0,46850.0,61887.0,True,196404.98,149554.98,True,False,False,False,False,False,False,False,False,False,False,False,True
2235,The Windsor Terrace School,2020,236796.78125,326700.40625,323120.40625,233216.765625,False,401643.67,78523.26374999998,True,False,False,False,False,False,False,False,False,False,False,False,True
2239,P.S. 261 Philip Livingston,2020,138475.75,97947.8203125,22853.0,63380.9296875,False,83916.71,61063.71000000001,True,False,False,False,False,False,False,False,False,False,False,False,True
2244,New Voices School of Academic & Creative Arts,2020,0.0,0.0,0.0,0.0,False,73508.0,73508.0,True,False,False,False,False,False,False,False,False,False,False,False,True
2245,The Math & Science Exploratory School,2020,141906.84375,51901.28125,1116.39953125,90005.5703125,False,116662.0,115545.60046875,True,False,False,False,False,False,False,False,False,False,False,False,True
2276,Boys and Girls High School,2020,45.0,0.0,0.0,45.0,False,0.0,0.0,False,False,False,False,False,False,True,False,True,False,True,True,True
2324,Medgar Evers College Preparatory School,2020,53091.26171875,24068.58984375,277.93669921875,28158.669921875,False,1039493.0,1039215.0633007813,True,False,False,False,False,False,False,False,False,False,False,False,True
2371,P.S. 202 Ernest S. Jenkyns,2020,4161.0,2166.840087890625,201.94000244140625,1994.1600341796875,False,201.92,0.020002441406262506,False,False,False,False,False,False,False,False,True,False,True,True,True
2385,Academy for Young Writers,2020,,,305.1600036621094,305.1600036621094,True,290.16,15.00000366210935,False,False,False,False,False,False,False,False,False,False,False,False,True
2428,The Christa McAuliffe School\I.S. 187,2020,128275.3984375,67195.859375,584.2087109375,61079.5390625,False,53553.65,52969.4412890625,True,False,False,False,False,False,False,False,False,False,False,False,True
2431,J.H.S. 201 The Dyker Heights,2020,361023.125,129127.8515625,1563.12375,231895.265625,False,156312.37,154749.24625,True,False,False,False,False,False,False,False,False,False,False,False,True
2432,P.S. 204 Vince Lombardi,2020,717.46296875,36964.421875,41181.0,4216.580078125,False,41181.18,0.18000000000029104,False,False,False,False,False,True,False,False,False,False,True,True,True
2451,P.S. 748 Brooklyn School for Global Scholars,2020,18171.25,34781.109375,44867.6015625,28257.740234375,False,3479539.0,3434671.3984375,True,False,False,False,False,False,False,False,False,False,False,False,True
2519,P.S. 312 Bergen Beach,2020,70160.2734375,34348.30859375,21722.5703125,3581196.0,True,33495.41,11772.839687500003,False,False,False,False,True,True,False,False,True,True,True,True,True
2562,P.S. Q016 The Nancy DeBenedittis School,2020,58482.171875,18805.16015625,370.4344921875,39677.01171875,False,56923.75,56553.3155078125,True,False,False,False,False,False,False,False,False,False,False,False,True
2618,P.S. 079 Francis Lewis,2020,70017.2890625,71865.109375,49543.921875,47696.1015625,False,49506.96,36.96187500000087,False,False,False,False,False,True,False,False,False,False,True,True,True
2621,P.S. 129 Patricia Larkin,2020,2720165.0,12285.0,17807.75,1491665.0,True,9823.94,7983.8099999999995,False,False,False,False,True,False,True,False,True,True,True,True,True
2628,P.S. 184 Flushing Manor,2020,88964.71875,82003.09375,12249.66015625,19211.2890625,False,25788.0,13538.33984375,False,False,False,False,False,True,False,False,False,False,True,True,True
2663,P.S. 098 The Douglaston School,2020,152972.640625,52748.94921875,1014.04796875,100223.6875,False,94057.84,93043.79203124999,True,False,False,False,False,False,False,False,False,False,False,False,True
2687,"Queens High School of Teaching, Liberal Arts and t",2020,5081.919921875,1560.9100341796875,2589.449951171875,3521.010009765625,False,2727.51,138.06004882812522,False,False,False,False,False,False,True,True,False,False,True,True,True
2694,P.S. 056 Harry Eichler,2020,0.0,0.0,380931.0,380931.0,False,3848.17,377082.83,True,False,False,False,False,True,False,False,True,False,True,True,True
2701,P.S. 090 Horace Mann,2020,0.0,2478.090087890625,16319.099609375,1384101.0,True,2364.63,13954.469609374999,False,False,False,False,True,False,False,False,True,True,True,True,True
2709,P.S./M.S. 114 Belle Harbor,2020,181952.484375,93659.5390625,969.918515625,88292.953125,False,60603.0,59633.081484375,True,False,False,False,False,False,False,False,False,False,False,False,True
2730,"Queens High School for Information, Research, and",2020,52.0,36.540000915527344,52.0,15.460000038146973,False,59.88,7.880000000000003,False,False,False,False,False,False,True,False,False,False,True,True,True
2731,New York City Academy for Discovery,2020,5442.64990234375,7829.93994140625,2638.2099609375,243.9199981689453,False,263821.0,261182.7900390625,True,False,False,False,False,False,False,False,False,False,False,False,True
2739,Scholars' Academy,2020,133840.484375,108799.796875,649.1412109375,25040.689453125,False,64914.12,64264.9787890625,True,False,False,False,False,False,False,False,False,False,False,False,True
2760,P.S. 099 Kew Gardens,2020,222517.0,125608.0,981.12,96909.0,False,97533.0,96551.88,True,False,False,False,False,False,False,False,False,False,False,False,True
2761,P.S. 101 School in the Gardens,2020,587694.0625,463444.84375,1969.8859375,124249.25,False,201606.95,199637.06406250002,True,False,False,False,False,False,False,False,False,False,False,False,True
2775,P.S. 196 Grand Central Parkway,2020,1713582.0,1144905.875,3508.186875,568676.1875,False,677174.86,673666.673125,True,False,False,False,False,False,False,False,False,False,False,False,True
2796,Queens High School for the Sciences at York Colleg,2020,120.0,243.0,5358.0,5115.0,False,5474062.0,5468704.0,True,False,False,False,False,False,False,False,False,False,False,False,True
2852,P.S./I.S. 78Q,2020,130147.0,41795.0,1026.13,88352.0,False,132263.0,131236.87,True,False,False,False,False,False,False,False,False,False,False,False,True
2868,P.S. 166 Henry Gradstein,2020,168658.625,89929.3671875,997.87390625,78729.25,False,100583.93,99586.05609375,True,False,False,False,False,False,False,False,False,False,False,False,True
2881,Hunters Point Community Middle School,2020,3600.0,5000.0,11417.5595703125,3812.56005859375,False,151514.05,140096.4904296875,True,False,False,False,False,False,False,False,False,False,False,False,True
2900,P.S. 6 Corporal Allan F. Kivlehan School,2020,153866.015625,78412.421875,849.220078125,75453.859375,False,84922.66,84073.439921875,True,False,False,False,False,False,False,False,False,False,False,False,True
2926,P.S. 39 Francis J. Murphy Jr.,2020,930.0,3352.110107421875,11184.0,8762.8095703125,False,100.98,11083.02,False,False,False,False,False,True,False,False,False,False,True,True,True
2928,P.S. 042 Eltingville,2020,342.7478125,59546.5390625,96778.5078125,37231.96875,False,34511.32,62267.1878125,True,False,False,False,False,False,False,False,False,False,False,False,True
2939,P.S. 054 Charles W. Leng,2020,38052.51953125,25578.5703125,4258.0498046875,12473.9501953125,False,611257.0,606998.9501953125,True,False,False,False,False,False,False,False,False,False,False,False,True
2997,P.S. 110 Florence Nightingale,2021,43126.55,31033.99,24952.26,37044.82,False,555806.875,530854.615,True,False,False,False,False,False,False,False,False,False,False,False,True
3001,P.S. 184m Shuang Wen,2021,100846.61,102901.56,179408.9,177353.95,False,23274.0,156134.9,True,False,False,False,False,False,False,False,False,False,False,False,True
3012,"New Explorations into Science, Technology and Math",2021,891579.0,661554.0,537914.0,767939.0,False,942813.0,404899.0,True,False,False,False,False,False,False,False,False,False,False,False,True
3013,Bard High School Early College,2021,425188.08,143674.11,4251.8808,281513.97,False,232726.71875,228474.83795,True,False,False,False,False,False,False,False,False,False,False,False,True
3016,P.S. 002 Meyer London,2021,0.0,1812.46,21520.71,19708.25,False,21520.7109375,0.0009375000008731149,False,False,False,False,False,True,False,False,False,False,True,True,True
3017,P.S. 003 Charrette School,2021,289204.16,111549.88,291069.47,468723.75,False,468723.75,177654.28000000003,True,False,False,False,False,False,False,False,False,False,False,False,True
3018,P.S. 006 Lillie D. Blake,2021,524041.21,496610.3,1070131.42,1097562.33,False,959260.0,110871.41999999993,True,False,False,False,False,False,False,False,False,False,False,False,True
3020,P.S. 033 Chelsea Prep,2021,99665.0,156157.0,450889.0,439216.0,True,532077.0,81188.0,True,False,False,False,False,False,False,False,False,False,False,False,True
3021,P.S. 040 Augustus Saint-Gaudens,2021,158223.0,138115.0,544745.0,564853.0,False,440631.0,104114.0,True,False,False,False,False,False,False,False,False,False,False,False,True
3028,P.S. 89,2021,689354.0,73855.0,4973.3904999999995,615499.0,False,581410.0,576436.6095,True,False,False,False,False,False,False,False,False,False,False,False,True
3040,Yorkville Community School,2021,110569.17,43224.3,837.883,67344.87,False,194638.0,193800.117,True,False,False,False,False,False,False,False,False,False,False,False,True
3041,P.S. 158 Bayard Taylor,2021,172256.0,245260.0,0.0,0.0,True,55141.0,55141.0,True,False,False,False,False,False,False,False,False,False,False,False,True
3044,P.S. 183 Robert L. Stevenson,2021,304000.0,229000.0,365074.0,292844.0,True,103983.0,261091.0,True,False,False,False,False,False,False,False,False,False,False,False,True
3046,P.S. 212 Midtown West,2021,88387.0,58600.0,249623.86,279410.86,False,300657.5625,51033.702500000014,True,False,False,False,False,False,False,False,False,False,False,False,True
3052,"East Side Elementary School, PS 267",2021,454333.41,335623.0,3466.8540999999996,118710.25,False,378308.0,374841.1459,True,False,False,False,False,False,False,False,False,False,False,False,True
3053,Battery Park City School,2021,461247.36,561599.99,842837.53,742484.9,False,742484.875,100352.65500000003,True,False,False,False,False,False,False,False,False,False,False,False,True
3058,I.S. 289,2021,14490.82,12968.07,152894.85,154417.6,False,29642.279296875,123252.570703125,True,False,False,False,False,False,False,False,False,False,False,False,True
3059,P.S. 290 Manhattan New School,2021,165726.0,114537.0,672036.0,649304.0,True,633298.875,38737.125,False,False,False,False,False,False,False,False,False,False,False,False,True
3071,The Peck Slip School,2021,121910.59,127025.61,57374.98,62490.0,True,48666.0,8708.980000000003,False,False,False,False,False,False,False,False,False,False,False,False,True
3083,N.Y.C. Lab School for Collaborative Studies,2021,70540.22,27151.43,156181.09,199569.88,False,208681.09375,52500.00375,True,False,False,False,False,False,False,False,False,False,False,False,True
3084,School of the Future High School,2021,52093.48,20120.27,119942.34,185976.24,True,119942.34375,0.0037500000034924597,False,False,False,False,False,False,False,False,False,False,False,False,True
3105,P.S. 527 - East Side School for Social Action,2021,319306.65,225636.86,1398.1785,93669.79,False,137104.0,135705.8215,True,False,False,False,False,False,False,False,False,False,False,False,True
3120,Lower Manhattan Community Middle School,2021,32462.02,280.81,324.6202,32201.21,False,89877.7265625,89553.1063625,True,False,False,False,False,False,False,False,False,False,False,False,True
3121,P.S. 009 Sarah Anderson,2021,377212.0,454731.0,900014.0,822495.0,False,14775.0,885239.0,True,False,False,False,False,False,False,False,False,False,False,False,True
3122,J.H.S. 054 Booker T. Washington,2021,1108839.0,202156.0,7712.2908,906683.0,False,729447.3125,721735.0217,True,False,False,False,False,False,False,False,False,False,False,False,True
3125,P.S. 084 Lillian Weber,2021,149552.51,218591.01,441816.34,372777.84,False,253181.3125,188635.02750000003,True,False,False,False,False,False,False,False,False,False,False,False,True
3127,"P.S. 145, The Bloomingdale School",2021,234318.78,49751.95,881.9796000000001,184541.83,False,60038.9609375,59156.9813375,True,False,False,False,False,False,False,False,False,False,False,False,True
3138,M.S. 243 Center School,2021,193121.27,164770.74,247617.95,275967.53,False,30249.390625,217368.559375,True,False,False,False,False,False,False,False,False,False,False,False,True
3146,The Anderson School,2021,395978.24,239719.36,2015087.7,2171346.58,False,2015082.75,4.949999999953434,False,True,False,False,True,False,False,False,False,True,False,True,True
3154,Fiorello H. LaGuardia High School of Music & Art a,2021,683346.0,640963.32,984.7202000000001,42382.68,False,98472.0234375,97487.3032375,True,False,False,False,False,False,False,False,False,False,False,False,True
3158,Special Music School,2021,211307.0,105596.0,1620.09,105711.0,False,161249.0,159628.91,True,False,False,False,False,False,False,False,False,False,False,False,True
3250,The William Lynch School,2021,4440.12,,4440.12,4440.12,True,7664.3701171875,3224.2501171875,False,False,False,False,False,False,False,False,False,False,False,False,True
3339,Mott Hall Community School,2021,0.0,1532.89,1532.89,0.0,False,639.4099731445312,893.4800268554689,False,False,False,False,False,True,False,False,False,False,True,True,True
3431,P.S. 081 Robert J. Christen,2021,9205.29,9400.0,36413.27,3621817.0,True,41959.73828125,5546.468281250003,False,False,False,False,True,False,False,False,True,True,True,True,True
3461,P.S. 310 Marble Hill,2021,1816.2,1381.04,1816.2,434.96,False,1816.199951171875,4.8828125045474735e-05,False,False,False,False,False,True,False,False,False,False,True,True,True
3484,The Bronx High School of Science,2021,717737.05,187783.18,3687.1324,529953.87,False,367010.15625,363323.02385,True,False,False,False,False,False,False,False,False,False,False,False,True
3495,P.S. 041 Gun Hill Road,2021,0.04,,487.68,0.0,True,478.7200012207031,8.959998779296882,False,False,False,False,False,False,False,False,False,False,False,False,True
3523,Bronx Lab School,2021,100.0,0.0,100.0,100.0,False,0.0,100.0,False,False,False,False,False,True,True,False,True,False,True,True,True
3597,The Emily Warren Roebling School,2021,437574.39,382787.9,357780.1,412566.59,False,424124.15625,66344.05625000002,True,False,False,False,False,True,False,False,False,False,True,True,True
3602,P.S. 046 Edward C. Blum,2021,,100.0,800.0,,True,,,False,False,False,False,False,False,False,False,False,False,False,False,True
3613,P.S. 282 Park Slope,2021,145072.16,16165.42,751.3842999999999,128906.74,False,64362.1484375,63610.7641375,True,False,False,False,False,False,False,False,False,False,False,False,True
3638,P.S. 031 Samuel F. Dupont,2021,107193.55,26232.19,521.9702,80961.36,False,52197.01953125,51675.04933125,True,False,False,False,False,False,False,False,False,False,False,False,True
3673,"Magnet School of Math, Science and Design Technolo",2021,289280.66,272501.87,236830.67,253651.59,False,29654.080078125,207176.589921875,True,False,False,False,False,False,False,False,False,False,False,False,True
3674,P.S. 015 Patrick F. Daly,2021,600.0,450.006,43337.37,33630.37,False,15090.0703125,28247.299687500003,False,False,False,False,False,True,False,False,False,False,True,True,True
3677,P.S. 032 Samuel Mills Sprole,2021,186751.2,83637.85,905.4925999999999,103113.35,False,89363.1796875,88457.6870875,True,False,False,False,False,False,False,False,False,False,False,False,True
3678,P.S. 038 The Pacific,2021,64472.3,68148.46,76792.31,73116.15,False,225594.765625,148802.455625,True,False,False,False,False,False,False,False,False,False,False,False,True
3685,The Maurice Sendak Community School,2021,62317.0,33011.0,398223.0,427529.0,False,317170.0,81053.0,True,False,False,False,False,False,False,False,False,False,False,False,True
3687,P.S. 130 The Parkside,2021,236729.93,127659.16,1307.8633,109070.77,False,135366.6875,134058.8242,True,False,False,False,False,False,False,False,False,False,False,False,True
3690,"The Brooklyn New School, P.S. 146",2021,226994.56,191186.53,127783.1,143502.91,True,61887.0,65896.1,True,False,False,False,False,False,False,False,False,False,False,False,True
3691,The Windsor Terrace School,2021,135938.02,106277.43,167973.2,187739.56,False,233216.765625,65243.56562499999,True,False,False,False,False,False,False,False,False,False,False,False,True
3697,P.S. 321 William Penn,2021,639890.41,1015119.91,693886.71,318657.21,False,463710.6875,230176.02249999996,True,False,False,False,False,False,False,False,False,False,False,False,True
3700,New Voices School of Academic & Creative Arts,2021,7849.05,10013.08,70234.52,68070.49,False,0.0,70234.52,True,False,False,False,False,False,False,False,False,False,False,False,True
3713,Millennium Brooklyn HS,2021,180395.86,61687.64,1070.6089,118708.22,False,121238.203125,120167.594225,True,False,False,False,False,False,False,False,False,False,False,False,True
3759,Elijah Stroud Middle School,2021,,500.0,1306.0,806.0,True,857.3300170898438,448.66998291015625,False,False,False,False,False,False,False,False,False,False,False,False,True
3815,P.S. 007 Abraham Lincoln,2021,,1700.49,2902.85,1202.36,True,2902.85009765625,9.765625009094947e-05,False,False,False,False,False,False,False,False,False,False,False,False,True
3880,P.S. 185 Walter Kassenbrock,2021,117811.0,46990.0,641.23,70821.0,False,75929.0,75287.77,True,False,False,False,False,False,False,False,False,False,False,False,True
3882,The Christa McAuliffe School\I.S. 187,2021,76645.91,14705.81,610.7954,61940.1,False,61079.5390625,60468.7436625,True,False,False,False,False,False,False,False,False,False,False,False,True
3885,The Madeleine Brennan School,2021,550.0,39960.43,232372.97,203015.32,True,231895.265625,477.70437500000116,False,False,False,False,False,True,False,False,False,False,True,True,True
3931,Mark Twain I.S. 239 for the Gifted & Talented,2021,198049.11,68332.43,1086.0629,129715.68,False,107703.609375,106617.546475,True,False,False,False,False,False,False,False,False,False,False,False,True
3948,J.H.S. 014 Shell Bank,2021,40.15,,1026.38,1067.53,True,1026.3800048828125,4.882812390860636e-06,False,False,False,False,False,False,False,False,False,False,False,False,True
3963,P.S. 207 Elizabeth G. Leary,2021,34183.03,40061.66,46518.66,40640.03,False,46518.66015625,0.00015624999650754035,False,False,False,False,False,True,False,False,False,False,True,True,True
3975,P.S. 312 Bergen Beach,2021,52047.12,27634.27,409.3492,24412.85,False,3581196.0,3580786.6508,True,False,False,False,False,False,False,False,False,False,False,False,True
4019,P.S. 019 Marino Jeantet,2021,7931.4,32790.02,35290.03,10431.41,False,35290.03125,0.0012500000011641532,False,False,False,False,False,True,False,False,False,False,True,True,True
4073,P.S. 032 State Street,2021,14452.74,42082.02,52585.78,24956.5,False,52585.78125,0.0012500000011641532,False,False,False,False,False,True,False,False,False,False,True,True,True
4077,P.S. 129 Patricia Larkin,2021,5917.35,2958.61,7626.05,2958.61,False,1491665.0,1484038.95,True,False,False,False,False,False,False,False,False,False,False,False,True
4151,P.S. 056 Harry Eichler,2021,6616.62,3976.55,2692.45,2640.07,False,380931.0,378238.55,True,False,False,False,False,False,False,False,False,False,False,False,True
4158,P.S. 090 Horace Mann,2021,16319.1,3426.68,163.191,12892.42,False,1384101.0,1383937.809,True,False,False,False,False,False,False,False,False,False,False,False,True
4216,P.S. Q086,2021,0.0,0.0,5015.35,501535.0,True,5060.35009765625,45.000097656249636,False,False,False,False,False,False,False,False,True,False,True,True,True
4217,P.S. 099 Kew Gardens,2021,87380.74,30327.18,379.1707,58221.84,False,96909.0,96529.8293,True,False,False,False,False,False,False,False,False,False,False,False,True
4218,P.S. 101 School in the Gardens,2021,587694.09,463444.84,1969.886,124249.25,False,124249.25,122279.364,True,False,False,False,False,False,False,False,False,False,False,False,True
4325,P.S. 166 Henry Gradstein,2021,168658.62,89929.37,997.8739,78729.25,False,78729.25,77731.3761,True,False,False,False,False,False,False,False,False,False,False,False,True
4326,P.S. 171 Peter G. Van Alst,2021,,,2610.51,2610.51,True,,,False,False,False,False,False,False,False,False,False,False,False,False,True
4330,I.S. 227 Louis Armstrong,2021,44442.63,44449.06,71608.18,7546486.0,True,,,False,False,False,False,True,False,False,False,False,True,False,True,True
4351,Baccalaureate School for Global Education,2021,109405.02,14538.3,694.2348,94866.72,False,74470.5,73776.2652,True,False,False,False,False,False,False,False,False,False,False,False,True
4376,P.S. 030 Westerleigh,2021,104991.53,47878.2,765.8713,57113.33,False,76587.1328125,75821.2615125,True,False,False,False,False,False,False,False,False,False,False,False,True
4454,P.S. 110 Florence Nightingale,2022,60953.48,4188775.0,37943.53,5700926.0,True,37044.82,898.7099999999991,False,False,False,False,True,False,False,False,False,True,False,True,True
4464,Neighborhood School,2022,140560.75,76723.1,900.5928,63837.65,False,73305.08,72404.4872,True,False,False,False,False,False,False,False,False,False,False,False,True
4469,"New Explorations into Science, Technology and Math",2022,982023.0,1104665.0,653688.0,531046.0,False,767939.0,114251.0,True,False,False,False,False,False,False,False,False,False,False,False,True
4470,Bard High School Early College,2022,230096.6,197628.79,2300.968,32468.01,False,281513.97,279213.002,True,False,False,False,False,False,False,False,False,False,False,False,True
4474,P.S. 003 Charrette School,2022,219129.59,238316.2,559672.27,540485.66,False,468723.75,90948.52000000002,True,False,False,False,False,False,False,False,False,False,False,False,True
4475,P.S. 006 Lillie D. Blake,2022,275251.0,208692.0,768613.62,1009417.11,True,1097562.33,328948.7100000001,True,True,False,False,False,False,False,False,False,True,False,True,True
4479,P.S. 041 Greenwich Village,2022,278310.75,114996.18,524548.87,544719.43,True,,,False,False,False,False,False,False,False,False,False,False,False,False,True
4485,P.S. 89,2022,751682.45,277063.0,5691.030699999999,474620.0,False,615499.0,609807.9693,True,False,False,False,False,False,False,False,False,False,False,False,True
4492,P.S. 130 Hernando De Soto,2022,313067.0,212806.0,874030.0,974291.0,False,873508.0,522.0,False,True,False,False,False,False,False,False,False,True,False,True,True
4497,Yorkville Community School,2022,252976.52,88606.61,1109.1163999999999,164370.11,False,67344.87,66235.7536,True,False,False,False,False,False,False,False,False,False,False,False,True
4499,J.H.S. 167 Robert F. Wagner,2022,638464.19,286462.0,6384.6419,352002.19,False,405113.06,398728.4181,True,False,False,False,False,False,False,False,False,False,False,False,True
4501,P.S. 183 Robert L. Stevenson,2022,376000.0,172000.0,234482.81,273864.0,True,292844.0,58361.19,True,False,False,False,False,False,False,False,False,False,False,False,True
4503,P.S. 212 Midtown West,2022,108189.0,56103.0,394197.79,446283.79,False,279410.86,114786.93,True,False,False,False,False,False,False,False,False,False,False,False,True
4504,P.S./I.S. 217 Roosevelt Island,2022,237213.18,212098.02,246017.18,237213.18,True,261550.73,15533.550000000017,False,False,False,False,False,False,False,False,False,False,False,False,True
4505,Ella Baker School,2022,111083.21,44418.02,665.0017999999999,66665.19,False,66695.42,66030.4182,True,False,False,False,False,False,False,False,False,False,False,False,True
4506,P.S. 234 Independence School,2022,316104.51,330610.01,298365.62,283860.12,False,216157.53,82208.09,True,False,False,False,False,False,False,False,False,False,False,False,True
4507,M.S. 255 Salk School of Science,2022,476111.0,44868.0,4217.62,431243.0,False,438139.0,433921.38,True,False,False,False,False,False,False,False,False,False,False,False,True
4509,"East Side Elementary School, PS 267",2022,385797.85,300931.58,1186.8188,84826.25,False,118710.25,117523.4312,True,False,False,False,False,False,False,False,False,False,False,False,True
4510,Battery Park City School,2022,405378.72,164713.65,520730.47,761395.54,False,742484.9,221754.43000000005,True,False,False,False,False,False,False,False,False,False,False,False,True
4528,The Peck Slip School,2022,272528.37,263439.75,72875.26,133322.98,True,62490.0,10385.259999999995,False,False,False,False,False,False,False,False,False,False,False,False,True
4537,Institute for Collaborative Education,2022,229100.0,131400.0,918.0,97700.0,False,62200.0,61282.0,True,False,False,False,False,False,False,False,False,False,False,False,True
4541,School of the Future High School,2022,57582.74,94522.45,177529.37,116653.31,True,185976.24,8446.869999999995,False,False,False,False,False,False,False,False,False,False,False,False,True
4544,Millennium High School,2022,71985.22,50155.0,128410.83,150241.05,False,5329.6,123081.23,True,False,False,False,False,False,False,False,False,False,False,False,True
4556,Stuyvesant High School,2022,1550035.0,427614.0,8693.67,1122421.0,False,1047407.6,1038713.9299999999,True,False,False,False,False,False,False,False,False,False,False,False,True
4575,Art and Design High School,2022,98226.63,48336.5,512.6116999999999,49890.13,False,51261.17,50748.5583,True,False,False,False,False,False,False,False,False,False,False,False,True
4577,Lower Manhattan Community Middle School,2022,83880.0,61900.0,125917.33,137917.33,False,32201.21,93716.12,True,False,False,False,False,False,False,False,False,False,False,False,True
4578,P.S. 009 Sarah Anderson,2022,336090.0,328665.0,837683.0,845108.0,False,822495.0,15188.0,False,True,False,False,False,False,False,False,False,True,False,True,True
4583,P.S. 087 William Sherman,2022,496365.0,531981.0,1005134.95,969518.0,False,,,False,True,False,False,False,False,False,False,False,True,False,True,True
4584,"P.S. 145, The Bloomingdale School",2022,258505.69,191202.36,1845.4138,67303.33,False,184541.83,182696.41619999998,True,False,False,False,False,False,False,False,False,False,False,False,True
4587,P.S. 165 Robert E. Simon,2022,95809.48,44159.89,748.4124,51649.89,False,74841.24,74092.8276,True,False,False,False,False,False,False,False,False,False,False,False,True
4595,M.S. 243 Center School,2022,116632.69,49450.73,247617.95,294656.27,True,275967.53,28349.580000000016,False,False,False,False,False,False,False,False,False,False,False,False,True
4603,The Anderson School,2022,472327.67,462449.21,2171341.58,2181220.04,False,2171346.58,5.0,False,True,False,False,True,False,False,False,False,True,False,True,True
4610,Beacon High School,2022,741593.8,369621.95,4207.76,371971.85,False,428617.88,424410.12,True,False,False,False,False,False,False,False,False,False,False,False,True
4611,Fiorello H. LaGuardia High School of Music & Art a,2022,427494.0,504404.0,839136.0,762226.0,False,42382.68,796753.32,True,True,False,False,False,False,False,False,False,True,False,True,True
4615,Special Music School,2022,199804.0,55151.0,1057.11,144653.0,False,105711.0,104653.89,True,False,False,False,False,False,False,False,False,False,False,False,True
4664,Columbia Secondary School,2022,167086.77,101170.44,800.8983999999999,65916.33,False,80089.84,79288.94159999999,True,False,False,False,False,False,False,False,False,False,False,False,True
4696,Paula Hedbavny School,2022,12767.23,1294.2,580.8235,11473.03,False,56788.15,56207.3265,True,False,False,False,False,False,False,False,False,False,False,False,True
4709,High School for Media and Communications,2022,20581.08,3362.0,581.08,17219.08,False,565.08,16.0,False,False,False,False,False,False,False,False,True,False,True,True,True
4792,Bronx Academy for Multi-Media,2022,236.0,0.0,0.0,236.0,False,0.0,0.0,False,False,False,False,False,False,True,False,True,False,True,True,True
4888,P.S. 081 Robert J. Christen,2022,38989.48,39125.1,40625.15,40485.53,False,3621817.0,3581191.85,True,False,False,False,False,False,False,False,False,False,False,False,True
4909,I.S. 254,2022,300.0,2509.89,2263.99,54.1,False,0.0,2263.99,False,False,False,False,False,True,False,True,False,False,True,True,True
4926,P.S. 360,2022,2319.0,2760.37,1360.0,919.0,False,0.0,1360.0,False,False,False,False,False,True,True,True,True,False,True,True,True
4963,P.S. 106 Parkchester,2022,162154.0,1505.97,159154.0,1505.97,True,1651.54,157502.46,True,False,False,False,False,False,False,False,False,False,False,False,True
4973,P.S. 175 City Island,2022,33705.1,28609.33,9255.28,7142022.0,True,,,False,False,False,False,True,False,False,False,False,True,False,True,True
5054,The Emily Warren Roebling School,2022,1207702.1,657787.3,4125.7337,549914.8,False,412566.59,408440.85630000004,True,False,False,False,False,False,False,False,False,False,False,False,True
5079,Brooklyn Technical High School,2022,347987.04,168174.03,232559.9,474174.88,True,,,False,False,False,False,False,False,False,False,False,False,False,False,True
5095,P.S. 031 Samuel F. Dupont,2022,77536.48,73811.66,80961.36,84994.5,False,80961.36,0.0,False,False,False,False,False,True,False,False,False,False,True,True,True
5096,P.S. 034 Oliver H. Perry,2022,219838.98,76364.91,1329.1161,143474.07,False,132911.61,131582.49389999997,True,False,False,False,False,False,False,False,False,False,False,False,True
5114,Brooklyn Arbor Elementary School,2022,68555.0,86765.32,157329.16,139118.84,False,90900.16,66429.0,True,False,False,False,False,False,False,False,False,False,False,False,True
5130,"Magnet School of Math, Science and Design Technolo",2022,349067.45,330433.01,2374.6216,18643.44,False,253651.59,251276.96839999998,True,False,False,False,False,False,False,False,False,False,False,False,True
5138,P.S. 058 The Carroll,2022,2027890.64,1761283.55,7588.3457,266607.09,False,365356.0,357767.6543,True,False,False,False,False,False,False,False,False,False,False,False,True
5140,P.S. 094 The Henry Longfellow,2022,52690.16,40463.81,2847039.0,15073.74,True,801.69,2846237.31,True,True,False,False,False,True,False,False,False,True,True,True,True
5147,"The Brooklyn New School, P.S. 146",2022,256018.48,244929.3,666.0,145419.53,True,143502.91,142836.91,True,False,False,False,False,False,False,False,False,False,False,False,True
5148,The Windsor Terrace School,2022,352744.88,202237.91,187739.56,300631.68,True,187739.56,0.0,False,False,False,False,False,False,False,False,False,False,False,False,True
5297,Spring Creek Community School,2022,850.0,0.0,850.0,850.0,False,977.83,127.83000000000004,False,False,False,False,False,False,True,False,False,False,True,True,True
5338,P.S. 185 Walter Kassenbrock,2022,106181.0,100357.0,70821.0,95065.0,True,70821.0,0.0,False,False,False,False,False,False,False,False,False,False,False,False,True
5340,The Christa McAuliffe School\I.S. 187,2022,199890.39,134034.47,619.6613,65855.92,False,61940.1,61320.4387,True,False,False,False,False,False,False,False,False,False,False,False,True
5343,The Madeleine Brennan School,2022,268194.08,84087.52,2030.1532,184106.56,False,203015.32,200985.1668,True,False,False,False,False,False,False,False,False,False,False,False,True
5345,P.S. 205 Clarion,2022,10534.68,81572.82,26427.07,19961.86,True,27921.27,1494.2000000000007,False,False,False,False,False,False,False,False,False,False,False,False,True
5349,P.S. 229 Dyker,2022,195310.82,59088.51,1649.8524,136822.31,False,123381.7,121731.8476,True,False,False,False,False,False,False,False,False,False,False,False,True
5362,Brooklyn School of Inquiry,2022,864019.18,499581.44,5439.1005000000005,364437.74,False,682344.87,676905.7694999999,True,False,False,False,False,False,False,False,False,False,False,False,True
5389,Mark Twain I.S. 239 for the Gifted & Talented,2022,231289.96,122298.2,389.1096,108991.76,False,129715.68,129326.5704,True,False,False,False,False,False,False,False,False,False,False,False,True
5546,J.H.S. 194 William Carr,2022,118622.93,79138.16,606.1305,39484.77,False,62308.59,61702.4595,True,False,False,False,False,False,False,False,False,False,False,False,True
5559,Flushing International High School,2022,3200.0,120.0,177.0,3257.0,False,147.0,30.0,False,False,False,False,False,False,False,True,False,False,True,True,True
5567,Townsend Harris High School,2022,125197.26,68214.11,553.203,56983.15,False,55320.3,54767.097,True,False,False,False,False,False,False,False,False,False,False,False,True
5606,P.S. 047 Chris Galas,2022,38879.23,24787.15,25802.22,41494.3,False,33544.94,7742.720000000001,False,False,False,False,False,True,False,False,False,False,True,True,True
5674,P.S. Q086,2022,0.0,0.0,5015.35,5015.35,False,501535.0,496519.65,True,False,False,False,False,False,False,False,False,False,False,False,True
5675,P.S. 099 Kew Gardens,2022,359070.0,318672.5,582.2184,40397.5,False,58221.84,57639.6216,True,False,False,False,False,False,False,False,False,False,False,False,True
5676,P.S. 101 School in the Gardens,2022,228991.19,124613.03,1417.3175,104378.16,False,124249.25,122831.9325,True,False,False,False,False,False,False,False,False,False,False,False,True
5739,P.S./I.S. 208,2022,0.0,6.0,15187.25,15187.25,False,99520.0,84332.75,True,False,False,False,False,False,False,False,False,False,False,False,True
5768,P.S. 084 Steinway,2022,25072.33,10142.62,10101.21,1492971.0,True,2346.49,7754.719999999999,False,False,False,False,True,False,False,False,False,True,False,True,True
5818,Naples Street Elementary School,2022,101145.64,109636.21,36675.34,28184.77,False,9097.8,27577.539999999997,False,False,False,False,False,True,False,False,False,False,True,True,True
5834,P.S. 030 Westerleigh,2022,149791.33,115259.4,569.7333,34531.93,False,57113.33,56543.5967,True,False,False,False,False,False,False,False,False,False,False,False,True
5850,P.S. 050 Frank Hankinson,2022,130028.96,83423.74,481.01019999999994,46605.22,False,54886.48,54405.469800000006,True,False,False,False,False,False,False,False,False,False,False,False,True
5860,P.S. 060 Alice Austen,2022,9104.73,58160.41,34476.17,32882.32,True,34476.17,0.0,False,False,False,False,False,False,False,False,False,False,False,False,True
5879,Staten Island Technical High School,2022,143537.27,53246.77,988.3286,90290.5,False,96899.25,95910.9214,True,False,False,False,False,False,False,False,False,False,False,False,True
5913,P.S. 134 Henrietta Szold,2023,156400.0,972.79,13732.61,591.21,True,8393.57,5339.040000000001,False,False,False,False,False,False,False,False,False,False,False,False,True
5916,P.S. 184m Shuang Wen,2023,66362.0,64090.0,1639.2167000000002,2272.0,False,163991.0,162351.7833,True,False,False,False,False,False,False,False,False,False,False,False,True
5919,The East Village Community School,2023,138164.67,96825.49,486.0647,41339.18,False,90570.46,90084.3953,True,False,False,False,False,False,False,False,False,False,False,False,True
5923,Earth School,2023,9350.19,,66511.63,65151.12,True,154729.25,88217.62,True,False,False,False,False,False,False,False,False,False,False,False,True
5927,"New Explorations into Science, Technology and Math",2023,1007612.0,925104.0,692884.0,775392.0,False,531046.0,161838.0,True,False,False,False,False,False,False,False,False,False,False,False,True
5928,Bard High School Early College,2023,136807.11,209680.88,418815.41,345929.01,False,32468.01,386347.39999999997,True,False,False,False,False,False,False,False,False,False,False,False,True
5930,P.S. 001 Alfred E. Smith,2023,246486.83,6568.8,82348.96,322266.99,False,82294.96,54.0,False,False,False,False,False,False,True,False,False,False,True,True,True
5933,P.S. 006 Lillie D. Blake,2023,587815.04,603733.07,1010179.85,994261.82,False,1009417.11,762.7399999999907,False,True,False,False,False,False,False,False,False,True,False,True,True
5947,P.S. 116 Mary Lindley Murray,2023,611833.05,484966.14,493914.4,634386.92,True,,,False,False,False,False,False,False,False,False,False,False,False,False,True
5956,P.S. 158 Bayard Taylor,2023,1287056.0,1317518.0,0.0,0.0,True,184720.0,184720.0,True,False,False,False,False,False,False,False,False,False,False,False,True
5957,J.H.S. 167 Robert F. Wagner,2023,630349.42,328150.51,3522.0219,302198.91,False,352002.19,348480.1681,True,False,False,False,False,False,False,False,False,False,False,False,True
5960,P.S. 198 Isidor E. Ida Straus,2023,526758.71,93676.64,3921.7334,433082.07,False,392230.03,388308.2966,True,False,False,False,False,False,False,False,False,False,False,False,True
5967,"East Side Elementary School, PS 267",2023,109704.92,137528.09,180044.61,152221.44,False,84826.25,95218.35999999999,True,False,False,False,False,False,False,False,False,False,False,False,True
5968,Battery Park City School,2023,645643.14,707271.99,413161.46,351532.61,False,761395.54,348234.08,True,False,False,False,False,False,False,False,False,False,False,False,True
5977,M.S. 297,2023,117412.22,113012.42,360401.83,113012.42,True,360401.83,0.0,False,False,False,False,False,False,False,False,False,False,False,False,True
5995,Institute for Collaborative Education,2023,188300.0,28700.0,977.0,159600.0,False,97700.0,96723.0,True,False,False,False,False,False,False,False,False,False,False,False,True
6014,Stuyvesant High School,2023,1913576.0,709030.0,1103387.0,1204546.0,True,1122421.0,19034.0,False,True,False,False,False,False,False,False,False,True,False,True,True
6036,P.S. 009 Sarah Anderson,2023,375435.0,646211.0,1123450.0,852674.0,False,845108.0,278342.0,True,True,False,False,False,False,False,False,False,True,False,True,True
6038,P.S. 075 Emily Dickinson,2023,17693.62,34708.0,197296.53,180282.15,False,356043.19,158746.66,True,False,False,False,False,False,False,False,False,False,False,False,True
6041,P.S. 087 William Sherman,2023,1575182.87,571080.89,9682.9923,1004101.98,False,969518.0,959835.0077,True,False,False,False,False,False,False,False,False,False,False,False,True
6050,P.S. 199 Jessie Isador Straus,2023,743022.0,326501.0,5716.24,416521.0,False,423194.0,417477.76,True,False,False,False,False,False,False,False,False,False,False,False,True
6053,M.S. 243 Center School,2023,46167.73,171452.54,383951.47,258666.66,False,294656.27,89295.19999999995,True,False,False,False,False,False,False,False,False,False,False,False,True
6058,West End Secondary School,2023,430031.0,211966.0,2357.75,218065.0,False,191636.0,189278.25,True,False,False,False,False,False,False,False,False,False,False,False,True
6061,The Anderson School,2023,854827.05,1226496.57,2181588.15,1809918.63,False,2181220.04,368.1099999998696,False,True,False,False,True,False,False,False,False,True,False,True,True
6068,Beacon High School,2023,287694.0,459507.0,390915.07,207086.65,True,371971.85,18943.22000000003,False,False,False,False,False,False,False,False,False,False,False,False,True
6077,Tag Young Scholars,2023,686681.0,193601.0,4362.09,493080.0,False,434919.0,430556.91,True,False,False,False,False,False,False,False,False,False,False,False,True
6112,P.S. 154 Harriet Tubman,2023,0.0,1605.6,1799.4,193.8,False,193.8,1605.6000000000001,False,False,False,False,False,True,False,False,False,False,True,True,True
6122,Columbia Secondary School,2023,132874.5,100071.65,412.8999,32802.55,False,65916.33,65503.430100000005,True,False,False,False,False,False,False,False,False,False,False,False,True
6129,"High School for Mathematics, Science and Engineeri",2023,377839.82,181303.39,1401.1254999999999,196536.43,False,202353.52,200952.3945,True,False,False,False,False,False,False,False,False,False,False,False,True
6137,P.S. 098 Shorac Kappock,2023,7673.27,,1123.41,1050.67,True,1126.0,2.589999999999918,False,False,False,False,False,False,False,False,False,False,False,False,True
6164,Washington Heights Academy,2023,990.0,215.27,0.0,774.73,False,86.0,86.0,False,False,False,False,False,False,False,False,True,False,True,True,True
6174,P.S. 001 Courtlandt School,2023,9206.21,,1106.21,1983.81,True,1106.21,0.0,False,False,False,False,False,False,False,False,False,False,False,False,True
6240,The Longwood Academy of Discovery,2023,0.0,,25.0,25.0,True,0.0,25.0,False,False,False,False,False,False,False,False,False,False,False,False,True
6325,South Bronx International Middle School,2023,308.0,0.0,308.0,308.0,False,308.0,0.0,False,False,False,False,False,False,True,False,False,False,True,True,True
6350,P.S. 094 Kings College School,2023,4925.18,0.0,2185.0,7110.18,False,2185.0,0.0,False,False,False,False,False,False,True,False,False,False,True,True,True
6399,The Bronx High School of Science,2023,1151529.62,332928.11,6476.5616,818601.51,False,647332.55,640855.9884,True,False,False,False,False,False,False,False,False,False,False,False,True
6406,High School of American Studies at Lehman College,2023,618734.38,185913.58,4918.1996,432820.8,False,492038.96,487120.7604,True,False,False,False,False,False,False,False,False,False,False,False,True
6431,P.S. 175 City Island,2023,40376.47,31103.69,23152.53,32425.31,False,7142022.0,7118869.47,True,False,False,False,False,False,False,False,False,False,False,False,True
6463,High School for Contemporary Arts,2023,500.0,0.0,500.0,500.0,False,0.0,500.0,False,False,False,False,False,False,True,False,True,False,True,True,True
6472,P.S. 061 Francisco Oller,2023,0.0,,1153.61,0.0,True,1153.61,0.0,False,False,False,False,False,False,False,False,False,False,False,False,True
6500,The Cinema School,2023,0.0,,2743.56,2743.56,True,,,False,False,False,False,False,False,False,False,False,False,False,False,True
6512,The Emily Warren Roebling School,2023,1617199.29,1101164.42,5543.9178,516034.87,False,549914.8,544370.8822,True,False,False,False,False,False,False,False,False,False,False,False,True
6513,Public School 9 The Sarah Smith Garnet School,2023,424454.0,253590.0,1915.13,170864.0,False,187543.0,185627.87,True,False,False,False,False,False,False,False,False,False,False,False,True
6515,P.S. 020 Clinton Hill,2023,534866.35,199344.51,1882.7372,335521.84,False,400500.84,398618.10280000005,True,False,False,False,False,False,False,False,False,False,False,False,True
6521,P.S. 093 William H. Prescott,2023,3909.68,2918.82,2431.71,990.86,False,1463.0,968.71,False,False,False,False,False,True,False,False,False,False,True,True,True
6536,"Science Skills Center High School for Science, Tec",2023,1444.38,0.0,1444.38,1444.38,False,1376.0,68.38000000000011,False,False,False,False,False,False,True,False,False,False,True,True,True
6537,Brooklyn Technical High School,2023,419726.88,346937.84,399238.16,472027.2,False,474174.88,74936.72000000003,True,False,False,False,False,False,False,False,False,False,False,False,True
6553,P.S. 031 Samuel F. Dupont,2023,227051.89,71240.24,901.9484,155811.65,False,84994.5,84092.5516,True,False,False,False,False,False,False,False,False,False,False,False,True
6554,P.S. 034 Oliver H. Perry,2023,332604.31,142776.59,1434.7407,189827.72,False,143474.07,142039.3293,True,False,False,False,False,False,False,False,False,False,False,False,True
6559,P.S. 110 The Monitor,2023,165566.23,247293.64,268278.64,186551.23,False,99240.99,169037.65000000002,True,False,False,False,False,False,False,False,False,False,False,False,True
6561,John Ericsson Middle School 126,2023,3275.27,3112.13,150.0,163.14,False,223.07,73.07,False,False,False,False,False,False,False,True,False,False,True,True,True
6588,"Magnet School of Math, Science and Design Technolo",2023,117747.7,126689.98,237960.77,229018.49,False,18643.44,219317.33,True,False,False,False,False,False,False,False,False,False,False,False,True
6591,P.S. 029 John M. Harrigan,2023,1676954.0,1254850.0,540846.0,962950.0,False,889242.0,348396.0,True,False,False,False,False,False,False,False,False,False,False,False,True
6593,P.S. 038 The Pacific,2023,145466.86,55292.56,529.6431,90174.3,False,52964.31,52434.6669,True,False,False,False,False,False,False,False,False,False,False,False,True
6598,P.S. 094 The Henry Longfellow,2023,29859.0,44165.87,10126.04,15072.98,True,15073.74,4947.699999999999,False,False,False,False,False,False,False,False,False,False,False,False,True
6605,"The Brooklyn New School, P.S. 146",2023,177713.47,215445.97,145419.53,147024.46,True,145419.53,0.0,False,False,False,False,False,False,False,False,False,False,False,False,True
6610,P.S. 261 Zipporiah Mills,2023,84306.0,106814.0,152551.0,130042.0,False,18926.23,133624.77,True,False,False,False,False,False,False,False,False,False,False,False,True
6617,Brooklyn Collaborative Studies,2023,188358.6,29127.94,1403.1825,159230.56,False,137436.07,136032.8875,True,False,False,False,False,False,False,False,False,False,False,False,True
6651,Madiba Prep Middle School,2023,3421.25,4057.48,793.95,157.72,False,157.72,636.23,False,False,False,False,False,False,True,True,False,False,True,True,True
6708,P.S. 219 Kennedy-King,2023,7313.2,,6741.94,5544.15,True,7007.99,266.0500000000002,False,False,False,False,False,False,False,False,False,False,False,False,True
6743,P.S. 214 Michael Friedsam,2023,23740.3,18108.76,1799.5,5631.54,False,1874.0,74.5,False,False,False,False,False,False,False,False,True,False,True,True,True
6790,P.S. 160 William T. Sampson,2023,79544.35,21538.99,589.5577,58005.36,False,58955.77,58366.2123,True,False,False,False,False,False,False,False,False,False,False,False,True
6797,P.S. 185 Walter Kassenbrock,2023,267124.0,166535.0,960.65,100589.0,False,95065.0,94104.35,True,False,False,False,False,False,False,False,False,False,False,False,True
6802,The Madeleine Brennan School,2023,268194.08,84087.52,2030.1532,184106.56,False,184106.56,182076.4068,True,False,False,False,False,False,False,False,False,False,False,False,True
6808,P.S. 229 Dyker,2023,195310.82,59088.51,1649.8524,136822.31,False,136822.31,135172.4576,True,False,False,False,False,False,False,False,False,False,False,False,True
6821,Brooklyn School of Inquiry,2023,701907.06,306016.67,3644.3774,395890.39,False,364437.74,360793.3626,True,False,False,False,False,False,False,False,False,False,False,False,True
6848,Mark Twain I.S. 239 for the Gifted & Talented,2023,195467.17,172689.46,1122.9463,22777.71,False,108991.76,107868.8137,True,False,False,False,False,False,False,False,False,False,False,False,True
6946,P.S./I.S. 087 Middle Village,2023,52534.94,29155.78,4430494.0,23379.16,True,44443.94,4386050.06,True,True,False,False,False,True,False,False,False,True,True,True,True
6949,P.S. 091 Richard Arkwright,2023,86481.58,6434385.0,26636.32,22137.73,True,26171.38,464.9399999999987,False,False,False,False,False,False,False,False,False,False,False,False,True
6992,P.S. 079 Francis Lewis,2023,159221.23,87738.28,673.4569,71483.05,False,85165.07,84491.6131,True,False,False,False,False,False,False,False,False,False,False,False,True
6997,P.S. 154 Queens,2023,,1857.0,13385.14,13385.14,True,7920.21,5464.929999999999,False,False,False,False,False,False,False,False,False,False,False,False,True
7009,P.S. 209 Clearview Gardens,2023,799.1604,96082.55,103621.07,7538.52,False,8194.97,95426.1,True,False,False,False,False,False,False,False,False,False,False,False,True
7019,Flushing International High School,2023,3257.0,0.0,3257.0,3257.0,False,3257.0,0.0,False,False,False,False,False,True,False,False,False,False,True,True,True
7027,Townsend Harris High School,2023,125197.26,68214.11,553.203,56983.15,False,56983.15,56429.947,True,False,False,False,False,False,False,False,False,False,False,False,True
7037,P.S. 098 The Douglaston School,2023,91023.15,78098.76,88087.44,114438.63,True,87932.14,155.3000000000029,False,False,False,False,False,False,False,False,False,False,False,False,True
7061,Bayside High School,2023,24538.28,12052.21,131.0924,12486.07,False,15862.0,15730.9076,False,False,False,False,False,False,True,False,False,False,True,True,True
7114,Scholars' Academy,2023,182786.8,130760.75,620.2561000000001,52026.05,False,62025.61,61405.3539,True,False,False,False,False,False,False,False,False,False,False,False,True
7150,P.S. 196 Grand Central Parkway,2023,1454985.49,1031845.72,309340.69,732480.46,False,464234.78,154894.09000000003,True,False,False,False,False,False,False,False,False,False,False,False,True
7156,The Academy for Excellence through the Arts,2023,160316.29,98362.77,667.4308,61953.52,False,105135.82,104468.3892,True,False,False,False,False,False,False,False,False,False,False,False,True
7177,P.S. 035 Nathaniel Woodhull,2023,13657.5,,2855.33,5656.2,True,2672.2,183.1300000000001,False,False,False,False,False,False,False,False,False,False,False,False,True
7227,P.S./I.S. 78Q,2023,215035.53,128295.13,1237.7503,86740.0,False,123775.03,122537.2797,True,False,False,False,False,False,False,False,False,False,False,False,True
7228,P.S. 084 Steinway,2023,21357.69,7341.19,149.2971,14016.5,False,1492971.0,1492821.7029,True,False,False,False,False,False,False,False,False,False,False,False,True
7257,The 30th Avenue School (G&T Citywide),2023,213851.48,130460.95,420020.3,504258.27,False,504258.27,84237.97000000003,True,False,False,False,False,False,False,False,False,False,False,False,True
7270,Baccalaureate School for Global Education,2023,147341.18,67310.95,1193.6284,80030.23,False,119362.84,118169.2116,True,False,False,False,False,False,False,False,False,False,False,False,True
7273,P.S. 003 The Margaret Gioiosa School,2023,261101.95,196464.8,174.0409,64637.15,False,64637.15,64463.1091,True,False,False,False,False,False,False,False,False,False,False,False,True
7304,P.S. 042 Eltingville,2023,272529.61,212017.26,699.9616000000001,60512.35,False,69992.34,69292.3784,True,False,False,False,False,False,False,False,False,False,False,False,True
7379,P.S. 184m Shuang Wen,2024,66689.62,51054.74,169457.8,185092.68,False,2272.0,167185.8,True,False,False,False,False,False,False,False,False,False,False,False,True
7390,"New Explorations into Science, Technology and Math",2024,1352080.0,1310242.0,978002.0,1019846.0,False,775392.0,202610.0,True,True,False,False,False,False,False,False,False,True,False,True,True
7391,Bard High School Early College,2024,138211.8,216933.4,496442.09,422203.59,False,345929.01,150513.08000000002,True,False,False,False,False,False,False,False,False,False,False,False,True
7396,P.S. 006 Lillie D. Blake,2024,501988.23,473565.13,1059912.92,1074578.34,True,994261.82,65651.09999999998,True,True,False,False,False,False,False,False,False,True,False,True,True
7405,P.S. 77 Lower Lab School,2024,665292.72,471530.98,911687.05,1105448.79,False,,,False,True,False,False,False,False,False,False,False,True,False,True,True
7406,P.S. 89,2024,750229.97,219736.94,4523.9364000000005,530493.03,False,544563.81,540039.8736,True,False,False,False,False,False,False,False,False,False,False,False,True
7413,P.S. 130 Hernando De Soto,2024,132182.0,125753.0,938765.0,945194.0,False,,,False,True,False,False,False,False,False,False,False,True,False,True,True
7418,Yorkville Community School,2024,152116.55,2541383.08,215406.12,113384.59,True,,,False,False,False,False,False,False,False,False,False,False,False,False,True
7423,P.S. 198 Isidor E. Ida Straus,2024,645474.14,239868.68,4188.6431,405605.46,False,433082.07,428893.4269,True,False,False,False,False,False,False,False,False,False,False,False,True
7426,Ella Baker School,2024,48150.41,47343.47,2364.74,800.94,False,52921.07,50556.33,True,False,False,False,False,False,False,False,False,False,False,False,True
7428,M.S. 255 Salk School of Science,2024,123194.0,192939.0,475283.0,356758.0,True,425730.0,49553.0,False,False,False,False,False,False,False,False,False,False,False,False,True
7430,"East Side Elementary School, PS 267",2024,164447.5,192727.57,208452.01,180171.94,False,152221.44,56230.57000000001,True,False,False,False,False,False,False,False,False,False,False,False,True
7431,Battery Park City School,2024,626766.67,732344.55,705547.82,599969.94,False,351532.61,354015.20999999996,True,False,False,False,False,False,False,False,False,False,False,False,True
7436,I.S. 289,2024,204030.0,103125.0,1170.0,100905.0,False,163411.58,162241.58,True,False,False,False,False,False,False,False,False,False,False,False,True
7437,P.S. 290 Manhattan New School,2024,400436.8,426150.4,833253.13,807539.53,False,854527.29,21274.160000000033,False,True,False,False,False,False,False,False,False,True,False,True,True
7440,M.S. 297,2024,66323.0,162987.0,369971.0,272306.0,False,113012.42,256958.58000000002,True,False,False,False,False,False,False,False,False,False,False,False,True
7448,Sixth Avenue Elementary School,2024,221806.0,202969.0,30790.0,63912.0,True,58326.22,27536.22,False,False,False,False,False,False,False,False,False,False,False,False,True
7452,NYC iSchool,2024,296908.0,67015.0,2417.92,229893.0,False,294513.34,292095.42000000004,True,False,False,False,False,False,False,False,False,False,False,False,True
7456,Spruce Street School,2024,789602.5,343425.0,4368.905,446177.5,False,561305.0,556936.095,True,False,False,False,False,False,False,False,False,False,False,False,True
7460,Professional Performing Arts High School,2024,480624.54,252594.96,1298.161,228029.58,False,132951.0,131652.839,True,False,False,False,False,False,False,False,False,False,False,False,True
7462,N.Y.C. Lab School for Collaborative Studies,2024,219459.23,101230.89,1678.9851,118227.39,False,167898.51,166219.52490000002,True,False,False,False,False,False,False,False,False,False,False,False,True
7466,Millennium High School,2024,117346.0,43861.0,0.0,73485.0,False,162135.74,162135.74,True,False,False,False,False,False,False,False,False,False,False,False,True
7469,Quest to Learn,2024,2542.0,,19595.0,21386.0,True,,,False,False,False,False,False,False,False,False,False,False,False,False,True
7478,Stuyvesant High School,2024,2045161.0,725925.0,1205666.0,1319236.0,True,1204546.0,1120.0,False,True,False,False,False,False,False,False,False,True,False,True,True
7487,Union Square Academy for Health Sciences,2024,2540.0,1935.0,1300.0,605.0,False,390.0,910.0,False,False,False,False,False,False,False,True,False,False,True,True,True
7500,P.S. 009 Sarah Anderson,2024,1797693.25,785542.16,9692.1704,1012151.09,False,852674.0,842981.8296,True,False,False,False,False,False,False,False,False,False,False,False,True
7501,J.H.S. 054 Booker T. Washington,2024,1209.14,68079.0,934317.0,1141.06,True,,,False,True,False,False,False,False,False,False,False,True,False,True,True
7502,P.S. 075 Emily Dickinson,2024,100000.0,82400.0,2035.433,20173.75,False,180282.15,178246.717,True,False,False,False,False,False,False,False,False,False,False,False,True
7504,P.S. 084 Lillian Weber,2024,275274.36,195856.89,690472.97,769890.44,False,622037.69,68435.28000000003,True,False,False,False,False,False,False,False,False,False,False,False,True
7505,P.S. 087 William Sherman,2024,638161.63,732473.5,495891.16,901576.29,True,1004101.98,508210.82,True,False,False,False,False,False,False,False,False,False,False,False,True
7514,P.S. 199 Jessie Isador Straus,2024,454412.0,467187.0,351487.0,338712.0,False,416521.0,65034.0,True,False,False,False,False,False,False,False,False,False,False,False,True
7522,West End Secondary School,2024,377878.0,138503.0,2129.38,239375.0,False,218065.0,215935.62,True,False,False,False,False,False,False,False,False,False,False,False,True
7525,The Anderson School,2024,844547.0,767704.0,1811328.0,1888202.0,False,1809918.63,1409.3700000001118,False,True,False,False,True,False,False,False,False,True,False,True,True
7531,P.S. 452,2024,259299.0,267042.0,153520.0,145777.0,False,247319.0,93799.0,True,False,False,False,False,False,False,False,False,False,False,False,True
7533,Fiorello H. LaGuardia High School of Music & Art a,2024,369717.0,253818.0,707801.0,823700.0,False,771075.0,63274.0,True,False,False,False,False,False,False,False,False,False,False,False,True
7538,Special Music School,2024,236852.55,73644.26,1482.3980999999999,163208.29,False,149643.0,148160.6019,True,False,False,False,False,False,False,False,False,False,False,False,True
7594,"High School for Mathematics, Science and Engineeri",2024,505811.2,191246.57,2679.8395,314564.63,False,196536.43,193856.5905,True,False,False,False,False,False,False,False,False,False,False,False,True
7603,Dos Puentes Elementary School,2024,0.0,0.0,450.0,0.0,False,77165.26,76715.26,True,False,False,False,False,False,False,False,False,False,False,False,True
7619,Paula Hedbavny School,2024,60959.38,22950.29,467.7868,38009.09,False,51950.11,51482.3232,True,False,False,False,False,False,False,False,False,False,False,False,True
7821,P.S. 159 Luis Munoz Marin Biling,2024,0.0,3113.0,5145.65,2032.65,False,5125.65,20.0,False,False,False,False,False,False,False,True,False,False,True,True,True
7866,The Bronx High School of Science,2024,1330238.25,359368.41,857277.75,70869.84,True,818601.51,38676.23999999999,False,True,False,False,False,False,False,False,False,True,False,True,True
7873,High School of American Studies at Lehman College,2024,556592.28,147712.49,4368.7386,408883.79,False,432820.8,428452.0614,True,False,False,False,False,False,False,False,False,False,False,False,True
7980,The Emily Warren Roebling School,2024,1569234.0,751694.0,7859.87,817540.0,False,516034.87,508175.0,True,False,False,False,False,False,False,False,False,False,False,False,True
7981,Public School 9 The Sarah Smith Garnet School,2024,451763.0,195256.0,1719.42,256507.0,False,170864.0,169144.58,True,False,False,False,False,False,False,False,False,False,False,False,True
7983,P.S. 020 Clinton Hill,2024,1081721.0,314667.0,5414.84,767054.0,False,335521.84,330107.0,True,False,False,False,False,False,False,False,False,False,False,False,True
7991,P.S. 133 William A. Butler,2024,348805.32,73116.98,2330.4532,275688.34,False,233650.93,231320.4768,True,False,False,False,False,False,False,False,False,False,False,False,True
7996,P.S. 282 Park Slope,2024,129825.18,39051.91,584.6738,90773.27,False,57772.65,57187.976200000005,True,False,False,False,False,False,False,False,False,False,False,False,True
7999,P.S. 307 Daniel Hale Williams,2024,40040.55,24501.99,33765.55,37061.7,True,21850.74,11914.810000000001,False,False,False,False,False,False,False,False,False,False,False,False,True
8022,P.S. 031 Samuel F. Dupont,2024,292387.2,120869.3,1558.1164999999999,171517.9,False,155811.65,154253.5335,True,False,False,False,False,False,False,False,False,False,False,False,True
8024,J.H.S. 050 John D. Wells,2024,6929.85,,1838.88,4728.43,True,1101.35,737.5300000000002,False,False,False,False,False,False,False,False,False,False,False,False,True
8057,"Magnet School of Math, Science and Design Technolo",2024,415927.45,288118.38,390639.35,491946.78,True,229018.49,161620.86,True,False,False,False,False,False,False,False,False,False,False,False,True
8060,P.S. 029 John M. Harrigan,2024,882295.0,965299.0,933444.0,850440.0,False,962950.0,29506.0,False,True,False,False,False,False,False,False,False,True,False,True,True
8061,P.S. 032 Samuel Mills Sprole,2024,170174.73,141219.86,222519.6,251086.2,False,145434.93,77084.67000000001,True,False,False,False,False,False,False,False,False,False,False,False,True
8065,P.S. 058 The Carroll,2024,353938.45,415612.0,320245.15,272075.9,True,162949.17,157295.98,True,False,False,False,False,False,False,False,False,False,False,False,True
8068,P.S. 107 John W. Kimball,2024,435409.0,459686.0,386061.0,361784.0,False,298087.0,87974.0,True,False,False,False,False,False,False,False,False,False,False,False,True
8069,The Maurice Sendak Community School,2024,232926.17,330100.67,444781.82,347607.32,False,365480.4,79301.41999999998,True,False,False,False,False,False,False,False,False,False,False,False,True
8075,The Windsor Terrace School,2024,117289.7,85444.32,28603.12,313448.5,True,296767.9,268164.78,True,False,False,False,False,False,False,False,False,False,False,False,True
8081,P.S. 321 William Penn,2024,409196.12,195555.2,254461.52,468101.44,False,452105.14,197643.62000000002,True,False,False,False,False,False,False,False,False,False,False,False,True
8097,Millennium Brooklyn HS,2024,182530.85,71594.05,1179.6081,110936.8,False,147750.18,146570.57189999998,True,False,False,False,False,False,False,False,False,False,False,False,True
8099,M.S. 839,2024,85790.65,82478.22,617.4653,3312.43,False,61746.53,61129.064699999995,True,False,False,False,False,False,False,False,False,False,False,False,True
8106,M.S. 035 Stephen Decatur,2024,807.0,2364.16,2597.26,1040.1,False,2000.0,597.2600000000002,False,False,False,False,False,True,False,False,False,False,True,True,True
8183,P.S. 276 Louis Marshall,2024,11448.52,60736.48,10486.77,5372.04,True,6496.17,3990.6000000000004,False,False,False,False,False,False,False,False,False,False,False,False,True
8260,P.S. 160 William T. Sampson,2024,101384.58,51446.29,529.2230999999999,49938.29,False,58005.36,57476.1369,True,False,False,False,False,False,False,False,False,False,False,False,True
8266,The SEEALL Academy,2024,69341.58,68375.93,3461.72,965.65,False,3461.72,0.0,False,False,False,False,False,True,False,False,False,False,True,True,True
8272,The Madeleine Brennan School,2024,257669.03,162606.64,1575.729,95062.39,False,184106.56,182530.831,True,False,False,False,False,False,False,False,False,False,False,False,True
8278,P.S. 229 Dyker,2024,228455.68,59879.64,1461.1168,168576.04,False,136822.31,135361.1932,True,False,False,False,False,False,False,False,False,False,False,False,True
8310,P.S. 209 Margaret Mead,2024,5576014.0,2867526.0,2258027.0,2713448.0,True,22580.27,2235446.73,True,True,False,False,True,True,True,True,True,True,True,True,True
8316,I.S. 228 David A. Boody,2024,41261.02,38188.75,4976.6,307227.0,True,5002.67,26.06999999999971,False,False,False,False,False,False,False,False,True,False,True,True,True
8335,J.H.S. 014 Shell Bank,2024,3429.66,925.37,1784.0,2504.29,False,1068.08,715.9200000000001,False,False,False,False,False,False,False,False,True,False,True,True,True
8349,P.S. 206 Joseph F Lamb,2024,131126.49,62853.09,745.3527,68273.4,False,74535.27,73789.9173,True,False,False,False,False,False,False,False,False,False,False,False,True
8350,P.S. 207 Elizabeth G. Leary,2024,142944.25,82117.71,713.1802,60826.51,False,72494.19,71781.0098,True,False,False,False,False,False,False,False,False,False,False,False,True
8367,Midwood High School,2024,19111.8,24009.31,18948.51,15151.0,False,23170.51,4222.0,False,False,False,False,False,True,False,False,False,False,True,True,True
8405,P.S. Q016 The Nancy DeBenedittis School,2024,28781.02,20468.36,6000.05,8312.66,False,18713.26,12713.21,False,False,False,False,False,True,False,False,False,False,True,True,True
8412,P.S. 071 Forest,2024,28581.27,279976.21,190.68,584.06,True,6517.76,6327.08,False,False,False,False,False,False,False,True,False,False,True,True,True
8426,"P.S. 128 The Lorraine Tuzzo, Juniper Valley Elemen",2024,77685.71,73163.0,39863.59,44386.3,False,30133.36,9730.229999999996,False,False,False,False,False,True,False,False,False,False,True,True,True
8462,P.S. 079 Francis Lewis,2024,127697.62,54432.65,639.6972000000001,73264.97,False,71483.05,70843.35280000001,True,False,False,False,False,False,False,False,False,False,False,False,True
8493,College Point Collaborative,2024,,,3253.17,3253.17,True,3324.07,70.90000000000009,False,False,False,False,False,False,False,False,False,False,False,False,True
8497,Townsend Harris High School,2024,140666.91,67318.07,641.9996,73348.84,False,56983.15,56341.1504,True,False,False,False,False,False,False,False,False,False,False,False,True
8517,P.S. 188 Kingsbury,2024,198339.19,73770.1,852.992,124569.09,False,85299.2,84446.208,True,False,False,False,False,False,False,False,False,False,False,False,True
8554,P.S./M.S. 114 Belle Harbor,2024,234776.61,74564.2,1131.1136,160212.41,False,91065.19,89934.0764,True,False,False,False,False,False,False,False,False,False,False,False,True
8563,P.S. 207 Rockwood Park,2024,201270.67,105779.09,58335.66,85491.58,True,58476.91,141.25,False,False,False,False,False,False,False,False,False,False,False,False,True
8571,Channel View School for Research,2024,1422.0,632.0,0.0,11472.58,True,10502.27,10502.27,False,False,False,False,False,False,False,False,False,False,False,False,True
8584,Scholars' Academy,2024,179320.8,142876.77,520.2605,36444.03,False,52026.05,51505.789500000006,True,False,False,False,False,False,False,False,False,False,False,False,True
8605,P.S. 099 Kew Gardens,2024,663206.54,459390.69,1334.601,203815.85,False,61980.88,60646.278999999995,True,False,False,False,False,False,False,False,False,False,False,False,True
8606,P.S. 101 School in the Gardens,2024,456027.65,468460.55,191962.17,179583.27,False,254682.12,62719.94999999998,True,False,False,False,False,False,False,False,False,False,False,False,True
8736,Long Island City High School,2024,1020.0,15.78,927.0,1931.22,False,500.0,427.0,False,False,False,False,False,False,True,False,True,False,True,True,True
8741,Baccalaureate School for Global Education,2024,132796.2,52703.66,809.3023,80092.54,False,80030.23,79220.9277,True,False,False,False,False,False,False,False,False,False,False,False,True
8744,P.S. 003 The Margaret Gioiosa School,2024,308419.9,237260.04,1000.3127000000001,71159.86,False,64637.15,63636.8373,True,False,False,False,False,False,False,False,False,False,False,False,True
8746,P.S. 005 Huguenot,2024,167380.35,173547.01,43106.59,67041.51,True,102142.58,59035.990000000005,True,False,False,False,False,False,False,False,False,False,False,False,True
8760,P.S. 023 Richmondtown,2024,276153.0,223670.05,465.16,52482.95,False,53964.11,53498.95,True,False,False,False,False,False,False,False,False,False,False,False,True
8766,P.S. 030 Westerleigh,2024,160338.82,199418.47,61220.35,22140.7,False,59353.51,1866.8399999999965,False,False,False,False,False,True,False,False,False,False,True,True,True
8775,P.S. 042 Eltingville,2024,271287.0,185834.64,605.1322,85452.36,False,60512.35,59907.2178,True,False,False,False,False,False,False,False,False,False,False,False,True
8861,"New Explorations into Science, Technology and Math",2025,2457330.75,1423293.75,1019846.875,1034037.0625,True,1019846.0,0.875,False,True,False,False,False,False,False,False,False,True,False,True,True
8862,Bard High School Early College,2025,79475.7421875,158402.015625,398652.21875,349286.90625,True,422203.59,23551.371250000026,False,False,False,False,False,False,False,False,False,False,False,False,True
8867,P.S. 006 Lillie D. Blake,2025,1200269.0,914163.0,944627.0,1230733.0,False,1074578.34,129951.34000000008,True,True,False,False,False,False,False,False,False,True,False,True,True
8876,P.S. 77 Lower Lab School,2025,676340.5,470981.71875,979278.1875,1184637.0,False,1105448.79,126170.60250000004,True,True,False,False,False,False,False,False,False,True,False,True,True
8877,P.S. 89,2025,750230.0,219736.9375,4523.93625,530493.0,False,530493.03,525969.09375,True,False,False,False,False,False,False,False,False,False,False,False,True
8884,P.S. 130 Hernando De Soto,2025,1199094.0,271007.0,9280.87,928087.0,False,945194.0,935913.13,True,False,False,False,False,False,False,False,False,False,False,False,True
8889,Yorkville Community School,2025,384821.1875,138126.359375,213452.8125,216694.828125,True,113384.59,100068.2225,True,False,False,False,False,False,False,False,False,False,False,False,True
8898,P.S. 234 Independence School,2025,588372.0,450251.0,481815.0,619936.0,False,543570.56,61755.560000000056,True,False,False,False,False,False,False,False,False,False,False,False,True
8899,M.S. 255 Salk School of Science,2025,123194.0,192939.0,475283.0,356758.0,True,356758.0,118525.0,True,False,False,False,False,False,False,False,False,False,False,False,True
8901,"East Side Elementary School, PS 267",2025,558935.0625,417165.40625,1468.56,141769.65625,False,180171.94,178703.38,True,False,False,False,False,False,False,False,False,False,False,False,True
8902,Battery Park City School,2025,1049917.75,431629.84375,6038.8925,618287.875,False,599969.94,593931.0475,True,False,False,False,False,False,False,False,False,False,False,False,True
8908,P.S. 290 Manhattan New School,2025,411851.71875,405845.59375,801932.375,807938.5,False,807539.53,5607.155000000028,False,True,False,False,False,False,False,False,False,True,False,True,True
8911,M.S. 297,2025,132500.0,132500.0,1355.0,3000.0,False,272306.0,270951.0,True,False,False,False,False,False,False,False,False,False,False,False,True
8927,Spruce Street School,2025,849058.0,390175.0,4461.775,458883.0,False,446177.5,441715.725,True,False,False,False,False,False,False,False,False,False,False,False,True
8932,Baruch College Campus High School,2025,127173.9609375,39097.5390625,928.921484375,88076.421875,False,100801.0,99872.078515625,True,False,False,False,False,False,False,False,False,False,False,False,True
8933,N.Y.C. Lab School for Collaborative Studies,2025,140605.0,35762.0,1182.54,104843.0,False,118227.39,117044.85,True,False,False,False,False,False,False,False,False,False,False,False,True
8937,Millennium High School,2025,117346.0,43861.0,0.0,73485.0,False,73485.0,73485.0,True,False,False,False,False,False,False,False,False,False,False,False,True
8939,High School for Health Professions and Human Servi,2025,1349.4000244140625,709.0,246.00999450683594,648.3099975585938,False,256.01,10.000005493164053,False,False,False,False,False,False,False,True,False,False,True,True,True
8949,Stuyvesant High School,2025,2030843.0,767697.0,1200177.0,1263146.0,True,1319236.0,119059.0,True,True,False,False,False,False,False,False,False,True,False,True,True
8965,Richard R. Green High School of Teaching,2025,40184.328125,525318.0,20625.05078125,34931.16015625,True,22900.0,2274.94921875,False,False,False,False,False,False,False,False,False,False,False,False,True
8970,Lower Manhattan Community Middle School,2025,157196.40625,98093.171875,148517.0,150257.65625,True,,,False,False,False,False,False,False,False,False,False,False,False,False,True
8971,P.S. 009 Sarah Anderson,2025,1965208.25,1039614.1875,10121.510625,928594.0625,False,1012151.09,1002029.579375,True,False,False,False,False,False,False,False,False,False,False,False,True
8973,P.S. 075 Emily Dickinson,2025,10090.0,117919.59375,134910.0,374695.90625,True,20173.75,114736.25,True,False,False,False,False,False,False,False,False,False,False,False,True
8975,P.S. 084 Lillian Weber,2025,709172.0,671598.0,7720.84,37574.0,False,769890.44,762169.6,True,False,False,False,False,False,False,False,False,False,False,False,True
8976,P.S. 087 William Sherman,2025,713875.0,751192.0,748264.0,710947.0,False,901576.29,153312.29000000004,True,False,False,False,False,False,False,False,False,False,False,False,True
8977,"P.S. 145, The Bloomingdale School",2025,302809.0,196378.71875,1092.463203125,106430.2890625,False,106430.29,105337.826796875,True,False,False,False,False,False,False,False,False,False,False,False,True
8983,The Locke School of Arts and Engineering,2025,37323.21875,,24597.109375,28700.740234375,True,21887.0,2710.109375,False,False,False,False,False,False,False,False,False,False,False,False,True
8993,West End Secondary School,2025,377878.0,138503.0,2129.38,239375.0,False,239375.0,237245.62,True,False,False,False,False,False,False,False,False,False,False,False,True
8996,The Anderson School,2025,1110070.875,1046935.5625,1883971.125,1947091.375,False,1888202.0,4230.875,False,True,False,False,True,False,False,False,False,True,False,True,True
9004,Fiorello H. LaGuardia High School of Music & Art a,2025,195224.0,431400.0,431400.0,1062989.0,True,823700.0,392300.0,True,False,False,False,False,False,False,False,False,False,False,False,True
9009,Special Music School,2025,246437.875,79302.359375,1647.6165625,167135.515625,False,163208.29,161560.6734375,True,False,False,False,False,False,False,False,False,False,False,False,True
9013,Tag Young Scholars,2025,258607.0,329002.0,182795.0,112400.0,False,434948.72,252153.71999999997,True,False,False,False,False,False,False,False,False,False,False,False,True
9032,Manhattan Center for Science and Mathematics,2025,5767.7001953125,420.95001220703125,5765.60986328125,6344.66015625,False,5145.4,620.2098632812504,False,False,False,False,False,True,False,False,False,False,True,True,True
9151,P.S. 062 Inocensio Casanova,2025,6418.47998046875,4749.06982421875,1115.1800537109375,166941.0,True,1126.17,10.989946289062573,False,False,False,False,False,False,False,False,True,False,True,True,True
9195,Pugsley Preparatory Academy,2025,16793.279296875,10633.580078125,1533.239990234375,6159.7001953125,False,1533.24,9.765625009094947e-06,False,False,False,False,False,False,True,False,False,False,True,True,True
9196,P.S. 583,2025,7977.259765625,2752.780029296875,4478.8798828125,5223.47998046875,False,3579.26,899.6198828124998,False,False,False,False,False,True,False,False,False,False,True,True,True
9210,P.S. X088 - S. Silverstein Little Sparrow School,2025,285.739990234375,0.0,285.739990234375,285.739990234375,False,285.74,9.765625009094947e-06,False,False,False,False,False,False,True,False,False,False,True,True,True
9211,P.S. 109 Sedgwick,2025,0.0,,5456.0,5456.0,True,,,False,False,False,False,False,False,False,False,False,False,False,False,True
9248,Academy for Language and Technology,2025,636.0,0.0,636.0,636.0,False,686.0,50.0,False,False,False,False,False,False,True,False,False,False,True,True,True
9251,Bronx High School for Medical Science,2025,278.0,,278.0,278.0,True,,,False,False,False,False,False,False,False,False,False,False,False,False,True
9271,"PS/MS 20 P.O.George J. Werdann, III",2025,8231.099609375,9224.4404296875,3189.6201171875,2196.280029296875,False,0.0,3189.6201171875,False,False,False,False,False,True,True,True,False,False,True,True,True
9273,P.S. 024 Spuyten Duyvil,2025,185071.546875,118511.109375,479.3323046875,66560.4375,False,51329.48,50850.1476953125,True,False,False,False,False,False,False,False,False,False,False,False,True
9338,The Bronx High School of Science,2025,425616.65625,345181.84375,988851.3125,1069286.875,False,70869.84,917981.4725,True,True,False,False,False,False,False,False,False,True,False,True,True
9345,High School of American Studies at Lehman College,2025,514060.375,146719.8125,4088.8378125,367340.5625,False,408883.79,404794.95218749996,True,False,False,False,False,False,False,False,False,False,False,False,True
9375,P.S./M.S. 194,2025,5444.43994140625,3171.030029296875,794.3499755859375,2173.409912109375,False,794.35,2.4414062522737368e-05,False,False,False,False,False,False,False,False,True,False,True,True,True
9452,The Emily Warren Roebling School,2025,2043377.0,1199194.0,7859.87,844183.0,False,817540.0,809680.13,True,False,False,False,False,False,False,False,False,False,False,False,True
9453,Public School 9 The Sarah Smith Garnet School,2025,580132.0,280306.0,2326.2,299826.0,False,256507.0,254180.8,True,False,False,False,False,False,False,False,False,False,False,False,True
9455,P.S. 020 Clinton Hill,2025,1164314.0,605617.0,5265.35,558697.0,False,767054.0,761788.65,True,False,False,False,False,False,False,False,False,False,False,False,True
9463,P.S. 133 William A. Butler,2025,412912.96875,128048.8515625,308365.75,104547.21875,True,275688.34,32677.409999999974,False,False,False,False,False,False,False,False,False,False,False,False,True
9468,P.S. 282 Park Slope,2025,218206.75,125945.59375,816.013125,88261.15625,False,90773.27,89957.256875,True,False,False,False,False,False,False,False,False,False,False,False,True
9493,P.S. 018 Edward Bush,2025,7200.259765625,,4956.22998046875,830.489990234375,True,4452.19,504.0399804687504,False,False,False,False,False,False,False,False,False,False,False,False,True
9495,P.S. 031 Samuel F. Dupont,2025,359017.90625,183291.5,1715.1790625,175726.40625,False,171517.9,169802.72093749998,True,False,False,False,False,False,False,False,False,False,False,False,True
9498,P.S. 059 The Dawn Best School,2025,0.0,0.0,992.8699951171875,992.8699951171875,False,0.0,992.8699951171875,False,False,False,False,False,True,False,False,True,False,True,True,True
9501,P.S. 110 The Monitor,2025,219979.40625,233094.1875,186551.234375,173436.234375,False,89318.42,97232.814375,True,False,False,False,False,False,False,False,False,False,False,False,True
9511,I.S. 318 Eugenio Maria De Hostos,2025,2585.18994140625,665.0,20022.609375,,True,5272.33,14750.279375,False,False,False,False,False,False,False,False,False,False,False,False,True
9530,"Magnet School of Math, Science and Design Technolo",2025,475369.40625,543420.0625,1460.0,0.0,True,491946.78,490486.78,True,False,False,False,False,False,False,False,False,False,False,False,True
9533,P.S. 029 John M. Harrigan,2025,3062634.0,1944016.0,1013755.0,1118618.0,True,850440.0,163315.0,True,True,False,False,False,False,False,False,False,True,False,True,True
9534,P.S. 032 Samuel Mills Sprole,2025,140700.15625,92992.8984375,2522.06078125,47707.26171875,False,251086.2,248564.13921875,True,False,False,False,False,False,False,False,False,False,False,False,True
9536,P.S. 039 Henry Bristow,2025,167500.0,181671.0,202820.0,209000.0,True,305264.33,102444.33000000002,True,False,False,False,False,False,False,False,False,False,False,False,True
9537,M.S. 51 William Alexander,2025,283050.03125,121724.0703125,1579.680625,161325.953125,False,199494.5,197914.819375,True,False,False,False,False,False,False,False,False,False,False,False,True
9538,P.S. 058 The Carroll,2025,0.0,0.0,0.0,0.0,False,272075.9,272075.9,True,False,False,False,False,False,False,False,False,False,False,False,True
9547,"The Brooklyn New School, P.S. 146",2025,150155.96875,70423.921875,72385.5703125,168330.96875,True,99013.43,26627.859687499993,False,False,False,False,False,False,False,False,False,False,False,False,True
9553,P.S. 295,2025,90932.40625,51967.08984375,556.3869921875,38965.3203125,False,56916.65,56360.2630078125,True,False,False,False,False,False,False,False,False,False,False,False,True
9554,P.S. 321 William Penn,2025,1045922.0,1585844.25,881696.9375,341774.65625,False,468101.44,413595.4975,True,True,False,False,False,False,False,False,False,True,False,True,True
9559,The Exploratory School,2025,346432.625,157664.34375,2030.71796875,188768.296875,False,173850.0,171819.28203125,True,False,False,False,False,False,False,False,False,False,False,False,True
9572,Millennium Brooklyn HS,2025,182530.84375,71594.046875,1179.608125,110936.796875,False,110936.8,109757.191875,True,False,False,False,False,False,False,False,False,False,False,False,True
9641,New Heights Middle School,2025,0.0,1747.050048828125,8437.83984375,6690.2900390625,False,759.0,7678.83984375,False,False,False,False,False,True,False,False,True,False,True,True,True
9658,P.S. 276 Louis Marshall,2025,11448.51953125,60736.48046875,10486.76953125,5372.0400390625,True,5372.04,5114.72953125,False,False,False,False,False,False,False,False,False,False,False,False,True
9679,P.S. 089 Cypress Hills,2025,2045.0,,1570.0,2506.719970703125,True,1570.09,0.08999999999991815,False,False,False,False,False,False,False,False,False,False,False,False,True
9694,P.S. 306 Ethan Allen,2025,8625.6201171875,6529.7900390625,3399.56005859375,2095.830078125,False,2598.0,801.56005859375,False,False,False,False,False,True,False,False,False,False,True,True,True
9740,P.S. 176 Ovington,2025,149553.765625,69238.0078125,703.75640625,80270.75,False,72814.84,72111.08359375,True,False,False,False,False,False,False,False,False,False,False,False,True
9748,The Madeleine Brennan School,2025,138181.515625,66532.6484375,950.663203125,71648.8671875,False,95062.39,94111.726796875,True,False,False,False,False,False,False,False,False,False,False,False,True
9756,J.H.S. 259 William McKinley,2025,111391.5,80373.8828125,11355.7998046875,31.020000457763672,True,12953.16,1597.3601953124999,False,False,False,False,False,False,False,False,False,False,False,False,True
9770,Brooklyn School of Inquiry,2025,317232.625,247160.0625,313982.0,284753.71875,True,216918.79,97063.20999999999,True,False,False,False,False,False,False,False,False,False,False,False,True
9787,P.S. 188 Michael E. Berdy,2025,0.0,,777.489990234375,777.489990234375,True,852.49,75.00000976562501,False,False,False,False,False,False,False,False,False,False,False,False,True
9789,P.S. 209 Margaret Mead,2025,56898.078125,23449.51953125,271.34380859375,33448.55859375,False,2713448.0,2713176.6561914063,True,False,False,False,False,False,False,False,False,False,False,False,True
9795,I.S. 228 David A. Boody,2025,26289.25,17164.900390625,3072.27001953125,9125.75,False,307227.0,304154.72998046875,True,False,False,False,False,False,False,False,False,False,False,False,True
9797,Mark Twain I.S. 239 for the Gifted & Talented,2025,377694.53125,277129.78125,690.36609375,100564.7265625,False,60036.61,59346.24390625,True,False,False,False,False,False,False,False,False,False,False,False,True
9798,P.S. 253,2025,20446.8203125,14453.3896484375,3818.1201171875,9811.25,False,3818.12,0.00011718750010913936,False,False,False,False,False,False,True,True,False,False,True,True,True
9802,P.S. 329 Surfside,2025,1323.56005859375,286.4200134277344,714.3300170898438,1037.1400146484375,False,714.33,1.708984370907274e-05,False,False,False,False,False,True,False,False,False,False,True,True,True
9815,P.S. 052 Sheepshead Bay,2025,104802.2890625,8108198.0,16421.640625,23720.310546875,True,16324.5,97.140625,False,False,False,False,False,False,False,True,False,False,True,True,True
9820,P.S. 139 Alexine A. Fenty,2025,180275.8125,64683.25,1041.345,115592.5703125,False,104134.5,103093.155,True,False,False,False,False,False,False,False,False,False,False,False,True
9821,School of Science & Technology,2025,2670.800048828125,,3449.429931640625,2558.81005859375,True,3822.43,373.00006835937484,False,False,False,False,False,False,False,False,False,False,False,False,True
9829,P.S. 207 Elizabeth G. Leary,2025,131187.71875,80118.53125,607.6075,51069.19140625,False,60826.51,60218.902500000004,True,False,False,False,False,False,False,False,False,False,False,False,True
9848,Leon M. Goldstein High School for the Sciences,2025,12467.5,,20528.94921875,25522.939453125,True,,,False,False,False,False,False,False,False,False,False,False,False,False,True
9851,P.S. 889,2025,113132.0,125722.0,66474.28125,53884.0,False,10357.25,56117.03125,True,False,False,False,False,False,False,False,False,False,False,False,True
9885,P.S. 019 Marino Jeantet,2025,116706.6875,113125.5,6926.2998046875,3581.18994140625,False,75934.13,69007.8301953125,True,False,False,False,False,False,False,False,False,False,False,False,True
9887,P.S. 049 Dorothy Bonawit Kole,2025,48059.30859375,,17058.7109375,23563.0,True,,,False,False,False,False,False,False,False,False,False,False,False,False,True
9926,Grover Cleveland High School,2025,11040.7802734375,7038.25,3619.85009765625,4002.530029296875,False,1619.39,2000.46009765625,False,False,False,False,False,True,False,False,False,False,True,True,True
9932,Queens Technical High School,2025,15001.259765625,14238.2001953125,6558.259765625,763.0599975585938,False,6468.26,89.99976562499978,False,False,False,False,False,False,False,True,False,False,True,True,True
9940,P.S. 032 State Street,2025,125020.2265625,91770.9609375,413.7573046875,33249.26953125,False,62779.05,62365.292695312506,True,False,False,False,False,False,False,False,False,False,False,False,True
9941,P.S. 079 Francis Lewis,2025,98128.9765625,39852.9609375,428.10078125,58276.01953125,False,73264.97,72836.86921875,True,False,False,False,False,False,False,False,False,False,False,False,True
9953,J.H.S. 189 Daniel Carter Beard,2025,0.0,0.0,1250.0,12500.0,True,,,False,False,False,False,False,False,False,False,False,False,False,False,True
9954,P.S. 193 Alfred J. Kennedy,2025,127755.7109375,105215.28125,34759.3984375,2254043.0,True,34759.4,0.0015625000014551915,False,False,False,False,True,True,False,False,True,True,True,True,True
9977,Robert F. Kennedy Community High School,2025,3878.719970703125,2606.6201171875,1750.969970703125,1272.0999755859375,False,823.92,927.049970703125,False,False,False,False,False,False,False,True,False,False,True,True,True
9996,P.S. 188 Kingsbury,2025,216176.03125,79433.6875,1245.6909375,136742.34375,False,124569.09,123323.3990625,True,False,False,False,False,False,False,False,False,False,False,False,True
10042,P.S. 207 Rockwood Park,2025,210697.921875,145345.25,854.91578125,65352.640625,False,85491.58,84636.66421875,True,False,False,False,False,False,False,False,False,False,False,False,True
10050,Channel View School for Research,2025,1422.0,632.0,0.0,11472.580078125,True,11472.58,11472.58,False,False,False,False,False,False,False,False,False,False,False,False,True
10084,P.S. 099 Kew Gardens,2025,266938.90625,344709.0625,191785.15625,114015.0,False,203815.85,12030.693750000006,False,False,False,False,False,True,False,False,False,False,True,True,True
10085,P.S. 101 School in the Gardens,2025,333631.25,195310.859375,1501.2790625,138320.375,False,179583.27,178081.9909375,True,False,False,False,False,False,False,False,False,False,False,False,True
10099,P.S. 196 Grand Central Parkway,2025,1490035.375,1493961.875,794974.875,791048.25,False,794974.86,0.015000000013969839,False,True,False,False,False,False,False,False,False,True,False,True,True
10105,The Academy for Excellence through the Arts,2025,567796.9375,531514.75,79973.6171875,116255.7734375,False,165893.76,85920.14281250001,True,False,False,False,False,False,False,True,False,False,True,True,True
10146,I.S. 192 The Linden,2025,17332.279296875,13644.990234375,856.280029296875,3687.260009765625,False,765.97,90.31002929687497,False,False,False,False,False,False,True,True,False,False,True,True,True
10167,"Mathematics, Science Research and Technology Magne",2025,820.0,0.0,820.0,820.0,False,560.0,260.0,False,False,False,False,False,True,False,False,False,False,True,True,True
10174,P.S. 070,2025,28010.650390625,41542.7890625,16187.58984375,18843.0390625,True,964.62,15222.96984375,False,False,False,False,False,False,False,False,False,False,False,False,True
10216,Long Island City High School,2025,0.0,1930.0,1931.219970703125,1.2200000286102295,False,1931.22,2.929687502728484e-05,False,False,False,False,False,True,False,True,False,False,True,True,True
10221,Baccalaureate School for Global Education,2025,152843.546875,54586.08984375,800.925390625,98257.453125,False,80092.54,79291.614609375,True,False,False,False,False,False,False,False,False,False,False,False,True
10224,P.S. 003 The Margaret Gioiosa School,2025,233296.828125,163370.34375,536.2894921875,69926.4765625,False,71159.86,70623.5705078125,True,False,False,False,False,False,False,False,False,False,False,False,True
10240,P.S. 023 Richmondtown,2025,285084.3125,231922.71875,524.835703125,53156.6015625,False,52482.95,51958.114296875,True,False,False,False,False,False,False,False,False,False,False,False,True
10241,I.S. 024 Myra S. Barnes,2025,154178.46875,111669.7578125,5000.0,42508.7109375,False,5000.0,0.0,False,False,False,False,False,False,False,False,True,False,True,True,True
10251,P.S. 036 J. C. Drumgoole,2025,224566.984375,236128.546875,20075.509765625,8513.9501953125,False,22792.76,2717.2502343749984,False,False,False,False,False,True,False,False,False,False,True,True,True
10255,P.S. 042 Eltingville,2025,289085.5,201434.65625,605.1321875,87650.84375,False,85452.36,84847.2278125,True,False,False,False,False,False,False,False,False,False,False,False,True
10265,The Barbara Esselborn School,2025,120941.2734375,74685.3125,764.473125,46255.9609375,False,52395.34,51630.866875,True,False,False,False,False,False,False,False,False,False,False,False,True
10293,Staten Island Technical High School,2025,261996.8125,191870.125,1101.2828125,70126.6875,False,109576.18,108474.8971875,True,False,False,False,False,False,False,False,False,False,False,False,True
