,Unnamed: 0,dbn,school_name_x,year,district,school_type,total_enrollment,borough,in_sample,p_asian,p_black,p_hispanic,p_multiple_race_categories_not_represented,p_white,p_other_race,p_students_with_disabilities,p_english_language_learners,p_poverty,economic_need_index,eni_n,weighted_register_allocation,total_fsf_allocations,non_fsf_budget_allocations,total_budget_allocation,pta_income,pta_expenditure,pta_start_balance,pta_end_balance,pta_category,pta_active,p_multi_racial,p_native_american,p_missing_race_ethnicity_data,correction_applied,pta_end_balance_implied,pta_end_balance_diff,pta_end_balance_pct_diff,balance_wy_diff_flag,lag_pta_end_balance,ets_balance_diff,ets_balance_pct_diff,ets_balance_diff_cat,ets_balance_diff_flag,pta_start_balance_wy_transaction_flag,pta_income_wy_transaction_flag,pta_expenditure_wy_transaction_flag,pta_end_balance_wy_transaction_flag,pta_start_balance_ws_transaction_flag,pta_income_ws_transaction_flag,pta_expenditure_ws_transaction_flag,pta_end_balance_ws_transaction_flag,any_wy_transaction_flag,any_ws_transaction_flag,any_transaction_flag,anomaly_flag,pp_fsf,pp_non_fsf,pp_total_public,pp_pta_income,pp_pta_expenditure,pp_pta_start_balance,pp_pta_end_balance,pp_total_funding,pta_expenditure_as_p_of_fsf,pta_expenditure_as_p_of_public,pta_expenditure_as_p_of_total,eni_quintile,pp_pta_income_quintile,pp_pta_expenditure_quintile,pp_pta_end_balance_quintile
6,6,01M110,P.S. 110 Florence Nightingale,2019,1.0,Elementary School,372.0,M,True,0.159,0.099,0.452,0.032,0.258,0.032,0.121,0.022,56.7%,59.4%,0.594,5249431.0,3201901.0,2047530.0,5249431.0,4457595.0,6669346.0,61617.51,39600.0,Active,1.0,,,,unresolvable,-2150133.49,2189733.49,55.296300252525256,True,,,,,False,False,False,False,False,False,False,False,False,False,False,False,True,8607.260752688173,5504.112903225807,14111.373655913978,11982.782258064515,17928.34946236559,165.6384677419355,106.4516129032258,32039.72311827957,208.29332324765815,127.04893158896652,55.95663044958387,Q2,Q5,Q5,Q5
31,31,02M006,P.S. 006 Lillie D. Blake,2019,2.0,Elementary School,671.0,M,True,0.171,0.024,0.061,0.016,0.727,0.017,0.168,0.033,12.4%,10.5%,0.105,9273169.0,5243660.0,4029509.0,9273169.0,936143.84,1068005.26,1220153.0,1033236.92,Active,1.0,,,,unresolvable,1088291.5799999998,55054.6599999998,0.0532836747645446,True,,,,,False,True,False,False,True,False,False,False,False,True,False,True,True,7814.694485842027,6005.229508196721,13819.923994038749,1395.147302533532,1591.662086438152,1818.4098360655737,1539.8463785394931,15411.5860804769,20.367553578988723,11.51715513865864,10.327698123520452,Q1,Q5,Q5,Q5
57,57,02M183,P.S. 183 Robert L. Stevenson,2019,2.0,Elementary School,554.0,M,True,0.159,0.027,0.085,0.06,0.67,0.0589999999999999,0.179,0.061,12.1%,6.9%,0.069,7922145.0,4908629.0,3013516.0,7922145.0,558046.28,551132.32,227436.0,6906.96,Active,1.0,,,,unresolvable,234349.96000000008,227443.0000000001,32.92953774164033,True,,,,,False,False,False,False,False,False,False,False,False,False,False,False,True,8860.341155234657,5439.559566787004,14299.90072202166,1007.3037545126356,994.8236823104692,410.5342960288809,12.467436823104691,15294.72440433213,11.227825936733046,6.956857265298728,6.504358339589904,Q1,Q5,Q5,Q4
59,59,02M212,P.S. 212 Midtown West,2019,2.0,Elementary School,363.0,M,True,0.165,0.069,0.234,0.069,0.463,0.069,0.124,0.022,20.9%,25.4%,0.254,4321537.0,2866091.0,1455446.0,4321537.0,214533.0,216240.0,297788.14,341884.0,Active,1.0,,,,unresolvable,296081.14,45802.859999999986,0.1339719320003275,True,,,,,False,False,False,False,False,False,False,False,False,False,False,False,True,7895.567493112948,4009.4931129476586,11905.060606060606,591.0,595.702479338843,820.353002754821,941.8292011019284,12500.763085399449,7.544770909227934,5.00377527717569,4.765328926476554,Q1,Q5,Q5,Q5
63,63,02M255,M.S. 255 Salk School of Science,2019,2.0,Middle/Junior High School,394.0,M,True,0.183,0.02,0.096,0.081,0.619,0.082,0.155,0.003,14.7%,14.2%,0.142,5098097.0,4119684.0,978413.0,5098097.0,218177.0,159786.0,429418.0,58391.0,Active,1.0,,,,unresolvable,487809.0,429418.0,7.354181295062595,True,,,,,False,True,False,False,False,False,False,False,False,True,False,True,True,10456.05076142132,2483.2817258883247,12939.332487309644,553.748730964467,405.5482233502538,1089.8934010152284,148.2005076142132,13344.880710659898,3.8785984556097017,3.1342283208813013,3.038979756681539,Q1,Q5,Q5,Q5
71,71,02M289,I.S. 289,2019,2.0,Middle/Junior High School,284.0,M,True,0.486,0.042,0.148,0.028,0.296,0.028,0.229,0.049,52.8%,48.0%,0.48,4089506.0,3296791.0,792715.0,4089506.0,174937.51,143031.8,160804.93,31905.71,Active,1.0,,,,unresolvable,192710.64,160804.93000000002,5.040004751500594,True,,,,,False,False,False,False,False,False,False,False,False,False,False,False,True,11608.419014084508,2791.25,14399.669014084508,615.977147887324,503.6330985915493,566.2145422535211,112.34404929577464,14903.302112676058,4.338515847683398,3.497532464801372,3.37933898664768,Q1,Q5,Q5,Q5
92,92,02M397,Spruce Street School,2019,2.0,K-8 School,560.0,M,True,0.164,0.039,0.159,0.105,0.532,0.1059999999999999,0.22,0.025,17.7%,16.8%,0.168,7843287.0,5860963.0,1982324.0,7843287.0,46566.58,438361.17,451912.85,27303.41,Active,1.0,,,,unresolvable,60118.26000000001,32814.850000000006,1.2018590351901102,True,,,,,False,True,False,False,False,False,False,False,False,True,False,True,True,10466.005357142858,3539.864285714286,14005.869642857142,83.15460714285715,782.7878035714285,806.9872321428571,48.75608928571429,14788.657446428571,7.479336928078201,5.588998209551685,5.293163401796626,Q1,Q4,Q5,Q5
105,105,02M422,Quest to Learn,2019,2.0,Junior-Senior High School,545.0,M,True,0.13,0.217,0.431,0.037,0.185,0.037,0.283,0.042,72.8%,67.1%,0.6709999999999999,9288624.0,6931930.0,2356694.0,9288624.0,27630.02,27088.21,26640.0,10541.81,Active,1.0,,,,unresolvable,27181.810000000005,16640.000000000007,1.5784765614254106,True,,,,,False,False,False,False,False,False,False,False,False,False,False,False,True,12719.1376146789,4324.209174311926,17043.346788990824,50.69728440366973,49.703137614678894,48.88073394495413,19.342770642201835,17093.049926605505,0.3907744307862312,0.2916278019220069,0.2907798071619474,Q2,Q4,Q4,Q4
144,144,02M896,Lower Manhattan Community Middle School,2019,2.0,Middle/Junior High School,385.0,M,True,0.431,0.101,0.158,0.039,0.27,0.0399999999999999,0.294,0.06,55.3%,54.6%,0.546,6265162.0,4569604.0,1695558.0,6265162.0,248963.74,218216.3,248963.74,30747.44,Active,1.0,,,,unresolvable,279711.18,248963.74,8.097055884977742,True,,,,,False,False,False,False,False,False,False,False,False,False,False,False,True,11869.101298701298,4404.046753246753,16273.148051948052,646.6590649350649,566.7955844155844,646.6590649350649,79.86348051948052,16839.943636363634,4.775387539051524,3.4830112932434947,3.365780768954975,Q1,Q5,Q5,Q5
146,146,03M009,P.S. 009 Sarah Anderson,2019,3.0,Elementary School,611.0,M,True,0.085,0.047,0.182,0.093,0.592,0.0939999999999999,0.195,0.023,22.1%,18.0%,0.18,8928191.0,5734665.0,3193526.0,8928191.0,783805.0,821096.0,0.0,37291.0,Active,1.0,,,,unresolvable,-37291.0,74582.0,2.0,True,,,,,False,False,False,False,False,False,False,False,False,False,False,False,True,9385.703764320786,5226.720130932897,14612.423895253682,1282.823240589198,1343.8559738134206,0.0,61.03273322422259,15956.279869067104,14.318116228236525,9.196667051589731,8.42211332992864,Q1,Q5,Q5,Q5
182,182,03M485,Fiorello H. LaGuardia High School of Music & Art a,2019,3.0,Senior High School,2760.0,M,True,0.197,0.099,0.17,0.084,0.45,0.0839999999999999,0.037,0.002,29.2%,30.4%,0.304,30304114.0,27408674.0,2895440.0,30304114.0,746725.89,741105.29,746725.89,5620.6,Active,1.0,,,,unresolvable,752346.49,746725.89,132.85519161655338,True,,,,,False,True,False,False,False,False,False,False,False,True,False,True,True,9930.678985507246,1049.072463768116,10979.751449275362,270.55285869565216,268.51640942028985,270.55285869565216,2.036449275362319,11248.267858695652,2.70390785778254,2.44555999888332,2.3871800777993477,Q1,Q5,Q5,Q2
298,298,07X031,P.S./M.S. 031 The William Lloyd Garrison,2019,7.0,K-8 School,716.0,X,True,0.031,0.264,0.661,0.011,0.034,0.0099999999999999,0.226,0.131,90.2%,92.0%,0.92,12728188.0,7245249.0,5482939.0,12728188.0,464423.0,3320.06,3058.0,15862.0,Active,1.0,,,,unresolvable,464160.94,448298.94,28.262447358466776,True,,,,,False,False,False,False,False,False,False,False,False,False,False,False,True,10119.062849162012,7657.736033519553,17776.798882681564,648.6354748603352,4.6369553072625695,4.270949720670391,22.1536312849162,17781.435837988825,0.0458239599494786,0.0260843098797723,0.026077507741844,Q5,Q5,Q2,Q4
361,361,08X333,The Longwood Academy of Discovery,2019,8.0,Elementary School,625.0,X,True,0.005,0.198,0.763,0.006,0.027,0.007,0.318,0.213,Above 95%,94.0%,0.94,12349610.0,6767220.0,5582390.0,12349610.0,3573071.0,3570.0,2171071.0,0.71,Active,1.0,,,,unresolvable,5740572.0,5740571.29,8085311.676056339,True,,,,,False,True,False,False,False,False,False,False,False,True,False,True,True,10827.552,8931.824,19759.376,5716.9136,5.712,3473.7136,0.0011359999999999,19765.088,0.0527543067906762,0.0289077954688447,0.0288994412774686,Q5,Q5,Q2,Q1
476,476,10X094,P.S. 094 Kings College School,2019,10.0,Elementary School,1220.0,X,True,0.086,0.156,0.696,0.025,0.038,0.024,0.243,0.255,93.4%,92.4%,0.924,22756631.0,13100204.0,9656427.0,22756631.0,0.0,105.0,3132.03,33027.03,Active,1.0,,,,unresolvable,3027.03,30000.0,0.9083468904106728,True,,,,,False,False,False,False,False,False,False,False,False,False,False,False,True,10737.87213114754,7915.104098360655,18652.976229508196,0.0,0.0860655737704918,2.567237704918033,27.07133606557377,18653.062295081967,0.0008015142359615,0.0004614039749556,0.0004614018460292,Q5,Q1,Q1,Q4
542,542,11X076,P.S. 076 The Bennington School,2019,11.0,Elementary School,893.0,X,True,0.053,0.433,0.437,0.012,0.065,0.0119999999999999,0.189,0.16,78.5%,83.6%,0.836,14641622.0,8858032.0,5783590.0,14641622.0,17354.46,1447757.0,815.46,2876.89,Active,1.0,,,,unresolvable,-1429587.08,1432463.97,497.9210084500972,True,,,,,False,False,False,False,False,False,False,False,False,False,False,False,True,9919.408734602464,6476.584546472564,16395.99328107503,19.43388577827547,1621.2284434490482,0.9131690929451288,3.2216013437849944,18017.221724524075,16.344002821394188,9.887955036675582,8.998215530879097,Q3,Q3,Q5,Q3
584,584,11X481,The STEAM Bridge School,2019,11.0,Elementary School,216.0,X,True,0.093,0.116,0.625,0.028,0.139,0.0269999999999999,0.167,0.324,89.8%,85.4%,0.8540000000000001,3562549.0,2683696.0,878853.0,3562549.0,2998.59,584.32,1309.59,241427.0,Active,1.0,,,,unresolvable,3723.86,237703.14,0.9845756274153264,True,,,,,False,False,False,False,False,False,False,False,False,False,False,False,True,12424.518518518518,4068.7638888888887,16493.28240740741,13.882361111111113,2.7051851851851856,6.062916666666666,1117.7175925925926,16495.987592592595,0.0217729578909086,0.0164017393164276,0.016399049587064,Q4,Q3,Q2,Q5
649,649,13K011,P.S. 011 Purvis J. Behan,2019,13.0,Elementary School,894.0,K,True,0.025,0.611,0.136,0.089,0.139,0.089,0.11,0.013,40.4%,45.1%,0.451,10220839.0,7349001.0,2871838.0,10220839.0,1046661.4,865775.97,17196623.0,180885.43,Active,1.0,,,,unresolvable,17377508.43,17196623.0,95.06914404327644,True,,,,,False,True,False,False,False,False,False,False,False,True,False,True,True,8220.359060402685,3212.346756152125,11432.70581655481,1170.762192393736,968.4294966442952,19235.59619686801,202.33269574944072,12401.135313199104,11.780866134050056,8.470693746374442,7.809200304536236,Q1,Q5,Q5,Q5
696,696,14K084,P.S. 084 Jose De Diego,2019,14.0,K-8 School,764.0,K,True,0.034,0.059,0.611,0.052,0.243,0.053,0.186,0.124,49.9%,58.1%,0.581,15545982.0,7809792.0,7736190.0,15545982.0,115971.35,109480.12,84987.46,78496.23,Active,1.0,,,,unresolvable,91478.69,12982.460000000006,0.1653895989654535,True,,,,,False,False,False,False,False,False,False,False,False,False,False,False,True,10222.240837696336,10125.903141361256,20348.143979057593,151.7949607329843,143.29858638743454,111.24013089005236,102.74375654450262,20491.442565445028,1.4018314444225914,0.7042341873289188,0.6993094113787808,Q1,Q5,Q5,Q5
701,701,14K147,P.S. 147 Isaac Remsen,2019,14.0,Elementary School,360.0,K,True,0.053,0.181,0.569,0.067,0.131,0.066,0.192,0.125,71.1%,73.4%,0.7340000000000001,6982740.0,3874467.0,3108273.0,6982740.0,5862949.0,40979.38,1024499.0,17650.11,Active,1.0,,,,unresolvable,6846468.62,6828818.51,386.89948731197705,True,,,,,False,True,False,False,False,True,False,False,False,True,True,True,True,10762.408333333333,8634.091666666667,19396.5,16285.969444444445,113.8316111111111,2845.8305555555557,49.028083333333335,19510.331611111113,1.0576778689817206,0.5868667600397551,0.5834427286017227,Q2,Q5,Q5,Q5
741,741,15K131,P.S. 131 Brooklyn,2019,15.0,Elementary School,938.0,K,True,0.35,0.011,0.547,0.009,0.084,0.0079999999999999,0.204,0.309,86.6%,90.8%,0.908,15159261.0,9899852.0,5259409.0,15159261.0,25962.45,24059.89,10670.2,1902.56,Active,1.0,,,,unresolvable,12572.760000000002,10670.200000000004,5.608338239004291,True,,,,,False,False,False,False,False,False,False,False,False,False,False,False,True,10554.213219616204,5607.045842217484,16161.259061833687,27.678518123667377,25.650202558635392,11.37547974413646,2.028315565031983,16186.909264392323,0.2430328251371838,0.1587141352075144,0.1584626326105395,Q4,Q3,Q3,Q2
743,743,15K146,"The Brooklyn New School, P.S. 146",2019,15.0,Elementary School,694.0,K,True,0.046,0.182,0.228,0.135,0.409,0.1350000000000001,0.301,0.042,34.3%,37.4%,0.374,12717904.0,7090480.0,5627424.0,12717904.0,274238.41,273479.34,46553.29,196404.98,Active,1.0,,,,unresolvable,47312.35999999993,149092.62000000008,0.7591081448138437,True,,,,,False,False,False,False,False,False,False,False,False,False,False,False,True,10216.829971181556,8108.680115273775,18325.51008645533,395.1562103746397,394.0624495677234,67.07966858789625,283.0042939481268,18719.572536023057,3.856993320621453,2.1503491455824797,2.1050825215661755,Q1,Q5,Q5,Q5
745,745,15K169,P.S. 169 Sunset Park,2019,15.0,Elementary School,1397.0,K,True,0.616,0.01,0.326,0.009,0.039,0.0089999999999998,0.186,0.465,92.6%,93.3%,0.933,23747482.0,15412313.0,8335169.0,23747482.0,1931034.0,16487.08,8315.93,2820.26,Active,1.0,,,,unresolvable,1922862.85,1920042.59,680.8033975590902,True,,,,,False,False,False,False,False,False,False,False,False,False,False,False,True,11032.435934144596,5966.477451682176,16998.91338582677,1382.272011453114,11.801775232641376,5.95270579813887,2.0187974230493917,17010.715161059416,0.106973430918513,0.0694266448964989,0.0693784777471188,Q5,Q5,Q3,Q2
748,748,15K261,P.S. 261 Philip Livingston,2019,15.0,Elementary School,794.0,K,True,0.076,0.208,0.184,0.055,0.477,0.0550000000000001,0.189,0.043,35.4%,35.8%,0.358,11211075.0,7352789.0,3858286.0,11211075.0,373279.36,309775.86,0.0,83916.71,Active,1.0,,,,unresolvable,63503.5,20413.210000000006,0.2432556042771458,True,,,,,False,False,False,False,False,False,False,False,False,False,False,False,True,9260.439546599497,4859.302267002519,14119.741813602015,470.1251385390428,390.145919395466,0.0,105.6885516372796,14509.887732997482,4.213038889052847,2.763123607682582,2.6888279673468496,Q1,Q5,Q5,Q5
838,838,17K590,Medgar Evers College Preparatory School,2019,17.0,Junior-Senior High School,1332.0,K,True,0.025,0.869,0.054,0.043,0.009,0.043,0.064,0.004,67.6%,54.5%,0.545,13900790.0,11023041.0,2877749.0,13900790.0,39736.0,29261.0,10394.93,1039493.0,Active,1.0,,,,unresolvable,20869.93,1018623.07,0.979922972064266,True,,,,,False,False,False,False,True,False,False,False,False,True,False,True,True,8275.556306306305,2160.472222222222,10436.028528528528,29.83183183183183,21.96771771771772,7.804001501501502,780.4001501501501,10457.996246246246,0.265453063269927,0.2104988277644651,0.2100566609555126,Q1,Q3,Q3,Q5
859,859,18K276,P.S. 276 Louis Marshall,2019,18.0,Elementary School,611.0,K,True,0.025,0.863,0.039,0.011,0.062,0.011,0.182,0.146,86.9%,70.7%,0.7070000000000001,11643740.0,5717271.0,5926469.0,11643740.0,16574.1,0.0,2149.48,5170.58,Active,1.0,,,,unresolvable,18723.58,13552.999999999998,2.6211759609173435,True,,,,,False,False,False,False,False,False,False,False,False,False,False,False,True,9357.235679214402,9699.62193126023,19056.85761047463,27.126186579378068,0.0,3.5179705400981995,8.462487725040916,19056.85761047463,0.0,0.0,0.0,Q2,Q3,Q1,Q4
969,969,20K748,P.S. 748 Brooklyn School for Global Scholars,2019,20.0,Elementary School,531.0,K,True,0.367,0.009,0.284,0.013,0.326,0.014,0.149,0.139,74.4%,67.7%,0.677,8036969.0,5867831.0,2169138.0,8036969.0,4994493.0,48618.0,33468.5,3479539.0,Active,1.0,,,,unresolvable,4979343.5,1499804.5,0.4310354044027096,True,,,,,False,False,False,False,True,False,False,False,False,True,False,True,True,11050.529190207157,4085.005649717514,15135.53483992467,9405.824858757062,91.55932203389833,63.02919020715631,6552.804143126177,15227.094161958568,0.8285514698702127,0.6049295449565626,0.6012921510831558,Q2,Q5,Q5,Q5
1049,1049,22K889,P.S. 889,2019,22.0,Elementary School,136.0,K,True,0.169,0.353,0.184,0.037,0.257,0.037,0.081,0.088,62.5%,61.9%,0.619,2214205.0,1336159.0,878046.0,2214205.0,15532.12,15876.9,12883.0,0.0,Active,1.0,,,,unresolvable,12538.220000000005,12538.220000000005,inf,True,,,,,False,False,False,False,False,False,False,False,False,False,False,False,True,9824.698529411764,6456.220588235294,16280.91911764706,114.20676470588236,116.74191176470588,94.7279411764706,0.0,16397.661029411764,1.1882493026653265,0.7170474278578541,0.7119424627409424,Q2,Q5,Q5,Q1
1051,1051,23K041,P.S. 041 Francis White,2019,23.0,K-8 School,402.0,K,True,0.007,0.595,0.333,0.047,0.017,0.048,0.294,0.062,Above 95%,Above 95%,0.95,8243824.0,4774537.0,3469287.0,8243824.0,3968.2,25838.2,850.0,1430.2,Active,1.0,,,,unresolvable,-21020.0,22450.2,15.697245140539785,True,,,,,False,False,False,False,False,False,False,False,False,False,False,False,True,11876.957711442788,8630.067164179105,20507.02487562189,9.871144278606964,64.27412935323383,2.1144278606965172,3.55771144278607,20571.299004975128,0.5411666094534402,0.3134249348360663,0.3124456522540909,Q5,Q2,Q4,Q3
1115,1115,24Q290,A.C.E. Academy for Scholars at the Geraldine Ferra,2019,24.0,Elementary School,588.0,Q,True,0.158,0.029,0.488,0.036,0.289,0.036,0.105,0.095,65.0%,53.7%,0.537,7772903.0,5785966.0,1986937.0,7772903.0,35608.13,33082.07,586173.0,2526.06,Active,1.0,,,,unresolvable,588699.06,586173.0,232.05030759364385,True,,,,,False,True,False,False,False,False,False,False,False,True,False,True,True,9840.078231292517,3379.144557823129,13219.222789115644,60.55804421768707,56.26202380952381,996.8928571428572,4.296020408163265,13275.48481292517,0.5717639889346048,0.4256076526363445,0.4238039107599778,Q1,Q4,Q4,Q3
1163,1163,25Q241,Queens High School for Language Studies,2019,25.0,Senior High School,424.0,Q,True,0.594,0.059,0.281,0.038,0.028,0.038,0.064,0.226,78.8%,77.2%,0.772,5675223.0,4636582.0,1038641.0,5675223.0,7361.21,4183095.0,2592.59,3177.26,Active,1.0,,,,unresolvable,-4173141.2,4176318.46,1314.4402598465344,True,,,,,False,False,False,False,False,False,False,False,False,False,False,False,True,10935.334905660377,2449.625,13384.959905660377,17.36134433962264,9865.790094339623,6.114599056603774,7.493537735849057,23250.75,90.2193684917036,73.70802874177808,42.43213700349288,Q3,Q3,Q5,Q3
1209,1209,26Q430,Francis Lewis High School,2019,26.0,Senior High School,4492.0,Q,True,0.565,0.061,0.213,0.011,0.148,0.0130000000000001,0.146,0.105,70.1%,60.2%,0.602,51368331.0,40846638.0,10521693.0,51368331.0,2200659.0,14455.57,8113.83,7551.02,Active,1.0,,,,unresolvable,2194317.26,2186766.24,289.5987879783129,True,,,,,False,False,False,False,False,False,False,False,False,False,False,False,True,9093.196349065003,2342.318121104185,11435.51447016919,489.90627782724846,3.2180699020480854,1.8062845057880677,1.680992876224399,11438.732540071238,0.0353898648892474,0.0281410155218007,0.028133098582162,Q2,Q5,Q2,Q2
1257,1257,27Q306,New York City Academy for Discovery,2019,27.0,Elementary School,395.0,Q,True,0.185,0.056,0.676,0.056,0.028,0.0549999999999999,0.213,0.17,84.8%,69.5%,0.695,6410763.0,3911333.0,2499430.0,6410763.0,11730.24,9092.03,1199.74,263821.0,Active,1.0,,,,unresolvable,3837.949999999999,259983.05,0.9854524469242404,True,,,,,False,False,False,False,False,False,False,False,False,False,False,False,True,9902.108860759494,6327.670886075949,16229.779746835444,29.69681012658228,23.01779746835443,3.0373164556962027,667.9012658227848,16252.797544303798,0.2324534883631744,0.1418244598965833,0.1416236029865615,Q2,Q3,Q3,Q5
1262,1262,27Q317,Waterside Children's Studio School,2019,27.0,Elementary School,517.0,Q,True,0.056,0.23,0.464,0.052,0.197,0.0529999999999999,0.184,0.081,71.2%,63.8%,0.638,8845906.0,5031038.0,3814868.0,8845906.0,47364.86,46412.34,12380.29,952.52,Active,1.0,,,,unresolvable,13332.810000000003,12380.290000000005,12.99740687859573,True,,,,,False,False,False,False,False,False,False,False,False,False,False,False,True,9731.214700193425,7378.8549323017405,17110.069632495164,91.6148162475822,89.77241779497098,23.946402321083173,1.8423984526112185,17199.842050290135,0.9225201638310024,0.5246759348335828,0.5219374546143385,Q2,Q4,Q5,Q2
1265,1265,27Q323,Scholars' Academy,2019,27.0,Junior-Senior High School,1351.0,Q,True,0.193,0.172,0.195,0.021,0.417,0.023,0.13,0.001,47.4%,33.5%,0.335,13909571.0,12291638.0,1617933.0,13909571.0,185357.64,108072.38,43546.32,64914.12,Active,1.0,,,,unresolvable,120831.58000000002,55917.460000000014,0.86140673246437,True,,,,,False,False,False,False,False,False,False,False,False,False,False,False,True,9098.177646188007,1197.5817912657292,10295.759437453738,137.20032568467803,79.99435973353071,32.23265729089563,48.04894152479645,10375.75379718727,0.8792349725886819,0.7769641493616158,0.7709739581062163,Q1,Q5,Q4,Q5
1308,1308,28Q310,Queens Collegiate: A College Board School,2019,28.0,Junior-Senior High School,669.0,Q,True,0.293,0.422,0.188,0.088,0.009,0.088,0.164,0.091,86.5%,68.6%,0.6859999999999999,9599750.0,7586278.0,2013472.0,9599750.0,44729.22,4221.98,1008.52,257.27,Active,1.0,,,,unresolvable,41515.759999999995,41258.49,160.37038908539668,True,,,,,False,False,False,False,False,False,False,False,False,False,False,False,True,11339.727952167414,3009.674140508221,14349.402092675637,66.85982062780269,6.3108819133034375,1.507503736920777,0.384559043348281,14355.712974588938,0.0556528511082773,0.0439801036485325,0.0439607696564729,Q2,Q4,Q2,Q1
1316,1316,28Q354,The Jermaine L. Green STEM Institute of Queens,2019,28.0,Elementary School,581.0,Q,True,0.021,0.83,0.091,0.052,0.007,0.051,0.177,0.031,80.7%,68.1%,0.6809999999999999,9112838.0,5948358.0,3164480.0,9112838.0,4660.82,1545.57,726.39,33817.12,Active,1.0,,,,unresolvable,3841.64,29975.480000000003,0.8863995514697881,True,,,,,False,False,False,False,False,False,False,False,False,False,False,False,True,10238.13769363167,5446.609294320137,15684.746987951808,8.022065404475043,2.6601893287435456,1.2502409638554215,58.20502581755594,15687.407177280553,0.0259831368589449,0.0169603585622832,0.0169574825124459,Q2,Q2,Q2,Q5
1319,1319,28Q505,Hillcrest High School,2019,28.0,Senior High School,3300.0,Q,True,0.323,0.262,0.335,0.047,0.033,0.0469999999999999,0.109,0.18,83.4%,74.0%,0.74,40020438.0,31050959.0,8969479.0,40020438.0,20267.53,1716.46,339.64,351.07,Active,1.0,,,,unresolvable,18890.71,18539.64,52.80895547896431,True,,,,,False,False,False,False,False,False,True,False,False,False,True,True,True,9409.381515151515,2718.0239393939396,12127.405454545456,6.141675757575757,0.5201393939393939,0.1029212121212121,0.1063848484848484,12127.925593939392,0.005527880797498,0.0042889585566254,0.0042887746128597,Q2,Q2,Q1,Q1
1323,1323,28Q687,Queens High School for the Sciences at York Colleg,2019,28.0,Senior High School,475.0,Q,True,0.819,0.032,0.04,0.048,0.061,0.048,0.0,0.0,61.9%,48.5%,0.485,5835939.0,5347866.0,488073.0,5835939.0,0.0,1083.1,6557.72,5474062.0,Active,1.0,,,,unresolvable,5474.620000000001,5468587.38,0.9989998980647278,True,,,,,False,False,False,False,True,False,False,False,False,True,False,True,True,11258.665263157896,1027.522105263158,12286.187368421051,0.0,2.2802105263157895,13.805726315789476,11524.341052631578,12288.46757894737,0.0202529382748184,0.0185591384694048,0.0185556946923329,Q1,Q1,Q2,Q5
1375,1375,30Q017,P.S. 017 Henry David Thoreau,2019,30.0,Elementary School,586.0,Q,True,0.15,0.102,0.52,0.031,0.196,0.032,0.208,0.232,71.3%,76.5%,0.765,9695053.0,5892594.0,3802459.0,9695053.0,4638707.0,29117.17,11702.07,17269.9,Active,1.0,,,,unresolvable,4621291.9,4604022.0,266.5922790519922,True,,,,,False,False,False,False,False,False,False,False,False,False,False,False,True,10055.621160409555,6488.837883959044,16544.4590443686,7915.882252559727,49.68800341296928,19.969402730375425,29.47081911262799,16594.14704778157,0.4941316167378916,0.3003301787004155,0.2994308973513161,Q3,Q5,Q4,Q4
1392,1392,30Q150,P.S. 150 Queens,2019,30.0,Elementary School,1028.0,Q,True,0.258,0.011,0.469,0.047,0.216,0.046,0.13,0.16,53.8%,61.3%,0.613,14076035.0,9411216.0,4664819.0,14076035.0,6050.0,3420.0,26195.0,46194.19,Active,1.0,,,,unresolvable,28825.0,17369.190000000002,0.3760037788301949,True,,,,,False,False,False,False,False,False,False,False,False,False,False,False,True,9154.879377431907,4537.761673151751,13692.641050583656,5.885214007782102,3.3268482490272375,25.481517509727627,44.93598249027237,13695.967898832683,0.0363396185997643,0.0242966147782383,0.0242907129572842,Q2,Q2,Q2,Q5
1408,1408,30Q291,Hunters Point Community Middle School,2019,30.0,Middle/Junior High School,427.0,Q,True,0.138,0.098,0.482,0.047,0.234,0.048,0.248,0.033,54.3%,55.8%,0.5579999999999999,6619061.0,5597000.0,1022061.0,6619061.0,9931.0,10566.0,16149.05,151514.05,Active,1.0,,,,unresolvable,15514.05,136000.0,0.8976065255994412,True,,,,,False,False,False,False,False,False,False,False,False,False,False,False,True,13107.728337236536,2393.585480093677,15501.31381733021,23.2576112412178,24.74473067915691,37.819789227166275,354.8338407494145,15526.058548009369,0.1887797034125424,0.1596298931223023,0.1593754822103868,Q1,Q3,Q3,Q5
1426,1426,31R006,P.S. 6 Corporal Allan F. Kivlehan School,2019,31.0,Elementary School,532.0,R,True,0.013,0.006,0.188,0.011,0.782,0.011,0.357,0.034,41.7%,33.2%,0.332,13907102.0,5362215.0,8544887.0,13907102.0,135510.29,90274.2,77632.67,84922.66,Active,1.0,,,,unresolvable,122868.76000000002,37946.10000000002,0.4468312697694587,True,,,,,False,False,False,False,False,False,False,False,False,False,False,False,True,10079.3515037594,16061.817669172931,26141.169172932332,254.71859022556393,169.68834586466164,145.92607142857142,159.62906015037595,26310.857518796995,1.683524439061097,0.6491230164271463,0.644936584615051,Q1,Q5,Q5,Q5
1461,1461,31R050,P.S. 050 Frank Hankinson,2019,31.0,Elementary School,725.0,R,True,0.161,0.019,0.172,0.021,0.626,0.0219999999999999,0.197,0.052,51.0%,33.9%,0.3389999999999999,11575106.0,7448336.0,4126770.0,11575106.0,54407.39,72661.29,13370.85,18253.9,Active,1.0,,,,unresolvable,-4883.049999999988,23136.94999999999,1.2675072176356827,True,,,,,False,False,False,False,False,False,False,False,False,False,False,False,True,10273.566896551723,5692.0965517241375,15965.663448275862,75.04467586206897,100.22246896551724,18.44255172413793,25.177793103448277,16065.885917241378,0.9755372206624404,0.6277375775219682,0.6238216148289824,Q1,Q4,Q5,Q4
1525,1525,01M064,P.S. 064 Robert Simon,2020,1.0,Elementary School,236.0,M,True,0.03,0.169,0.737,0.021,0.042,0.0219999999999999,0.267,0.017,90.7%,91.1%,0.911,5430962.0,2711767.0,2719196.0,5430962.0,265821.0,304.1000061035156,2741.800048828125,2437.659912109375,Active,1.0,,,,unresolvable,268258.7000427246,265821.04013061523,109.04763162823352,True,1538.29,1203.510048828125,0.438948875700297,under_0.50,False,False,False,False,False,False,False,False,False,False,False,False,True,11490.53813559322,11522.016949152545,23012.550847457627,1126.3601694915253,1.2885593478962527,11.617796817068326,10.329067424192267,23013.84364409366,0.011214090521181,0.0055993764291393,0.0055990629165301,Q4,Q5,Q2,Q3
1526,1526,01M110,P.S. 110 Florence Nightingale,2020,1.0,Elementary School,396.0,M,True,0.162,0.096,0.455,0.033,0.255,0.032,0.119,0.025,60.6%,62.1%,0.621,5527689.0,3616809.0,1910879.0,5527689.0,50476.19921875,32750.630859375,38081.3203125,555806.875,Active,1.0,,,,unresolvable,55806.888671875,499999.986328125,0.899593021997299,True,39600.0,1518.6796875,0.0398799115954364,under_0.05,False,False,False,False,False,False,False,False,False,False,False,False,True,9133.35606060606,4825.45202020202,13958.810606060606,127.46514954229798,82.70361328125,96.1649502840909,1403.552714646465,14041.511694089331,0.9055117607641155,0.5924832395486612,0.5889935514741546,Q2,Q5,Q5,Q5
1530,1530,01M184,P.S. 184m Shuang Wen,2020,1.0,K-8 School,707.0,M,True,0.704,0.034,0.119,0.069,0.074,0.069,0.165,0.14,66.3%,67.2%,0.672,11202262.0,7336730.0,3865532.0,11202262.0,71590.0,48316.0,179409.0,23274.0,Active,1.0,,,,unresolvable,202683.0,179409.0,7.708558906934777,True,137796.35,41612.649999999994,0.2319429348583404,under_0.50,False,False,False,False,False,False,False,False,False,False,False,False,True,10377.270155586988,5467.513437057992,15844.78359264498,101.25884016973126,68.33946251768035,253.76096181046677,32.91937765205092,15913.12305516266,0.6585495172917635,0.4313057487853792,0.4294534911895193,Q2,Q5,Q5,Q4
1546,1546,02M002,P.S. 002 Meyer London,2020,2.0,Elementary School,449.0,M,True,0.704,0.102,0.178,0.0,0.016,0.0,0.232,0.321,Above 95%,92.0%,0.92,10503721.0,5375971.0,5127750.0,10503721.0,252115.0,14324.2802734375,10633.490234375,21520.7109375,Active,1.0,,,,unresolvable,248424.2099609375,226903.4990234375,10.54349457517486,True,10633.49,0.0002343750002182,2.204121083974969e-08,under_0.01,False,False,False,False,False,False,False,False,False,False,False,False,True,11973.209354120268,11420.378619153676,23393.58797327394,561.5033407572383,31.902628671353007,23.6826063126392,47.93031389198218,23425.490601945297,0.2664501031243937,0.1363733887584933,0.1361876650246281,Q5,Q5,Q4,Q5
1552,1552,02M041,P.S. 041 Greenwich Village,2020,2.0,Elementary School,668.0,M,True,0.075,0.013,0.094,0.141,0.677,0.1409999999999999,0.157,0.016,7.5%,8.6%,0.086,9572082.0,5812387.0,3759695.0,9572082.0,259860.0,283227.0,518696.0,542063.0,Active,1.0,,,,unresolvable,495329.0,46734.0,0.0862150709419384,True,673784.68,155088.68000000005,0.2989972546539785,under_0.50,True,True,False,False,False,False,False,False,False,True,False,True,True,8701.178143712576,5628.285928143712,14329.464071856288,389.01197604790417,423.99251497005986,776.4910179640718,811.4715568862275,14753.456586826347,4.872817312405385,2.9588860605247636,2.873852052736246,Q1,Q5,Q5,Q5
1576,1576,02M212,P.S. 212 Midtown West,2020,2.0,Elementary School,370.0,M,True,0.151,0.076,0.232,0.095,0.446,0.095,0.114,0.032,20.5%,28.5%,0.285,4541792.0,3068038.0,1473754.0,4541792.0,90029.0,94103.0,4304731.5,300657.5625,Active,1.0,,,,unresolvable,4300657.5,3999999.9375,13.304172042903462,True,341884.0,3962847.5,0.9205794832964612,under_1.00,True,True,False,False,False,False,False,False,False,True,False,True,True,8291.994594594595,3983.118918918919,12275.113513513514,243.32162162162163,254.33243243243243,11634.40945945946,812.5880067567567,12529.445945945949,3.0672045131122885,2.071935482734568,2.0298777258760174,Q1,Q5,Q5,Q5
1588,1588,02M289,I.S. 289,2020,2.0,Middle/Junior High School,276.0,M,True,0.5,0.04,0.185,0.033,0.243,0.0319999999999999,0.214,0.033,47.8%,50.2%,0.502,4031529.0,3316111.0,715419.0,4031529.0,54920.01171875,25277.73046875,165297.0,29642.279296875,Active,1.0,,,,unresolvable,194939.28125,165297.001953125,5.576393107211267,True,31905.71,133391.29,0.8069794975105417,under_1.00,True,False,False,False,False,False,False,False,False,False,False,False,True,12014.894927536232,2592.0978260869565,14606.989130434782,198.9855497056159,91.58597995923913,598.9021739130435,107.39956266983695,14698.578733582428,0.7622703362085889,0.6270010824367133,0.6230942745904301,Q1,Q5,Q5,Q5
1617,1617,02M418,Millennium High School,2020,2.0,Senior High School,674.0,M,True,0.496,0.03,0.114,0.061,0.3,0.06,0.135,0.001,50.4%,50.1%,0.501,7301817.0,6639077.0,662739.0,7301817.0,70378.0,60420.0,70378.0,9958.0,Active,1.0,,,,unresolvable,80336.0,70378.0,7.067483430407712,True,93474.39,23096.39,0.3281762766773707,under_0.50,False,False,False,False,False,False,False,False,False,False,False,False,True,9850.262611275964,983.2922848664688,10833.55637982196,104.41839762611276,89.64391691394658,104.41839762611276,14.774480712166172,10923.19881305638,0.91006626372913,0.8274652733696285,0.8206744770645117,Q1,Q5,Q5,Q4
1652,1652,03M009,P.S. 009 Sarah Anderson,2020,3.0,Elementary School,624.0,M,True,0.077,0.04,0.181,0.075,0.627,0.0749999999999999,0.189,0.03,17.6%,17.2%,0.172,9469714.0,6279859.0,3189855.0,9469714.0,801875.0,787100.0,883799.0,14775.0,Active,1.0,,,,unresolvable,898574.0,883799.0,59.81719120135364,True,37291.0,846508.0,0.9578060169789736,under_1.00,True,True,False,False,False,False,False,False,False,True,False,True,True,10063.876602564103,5111.947115384615,15175.82371794872,1285.0560897435898,1261.378205128205,1416.3445512820513,23.677884615384617,16437.201923076922,12.533720900421493,8.311761052128924,7.67392291602441,Q1,Q5,Q5,Q4
1669,1669,03M243,M.S. 243 Center School,2020,3.0,Middle/Junior High School,247.0,M,True,0.077,0.162,0.202,0.024,0.534,0.0249999999999998,0.19,0.0,13.0%,20.8%,0.208,3381814.0,3076596.0,305218.0,3381814.0,74757.2421875,105006.6328125,112187.2890625,30249.390625,Active,1.0,,,,unresolvable,81937.8984375,51688.5078125,1.7087454241072004,True,111420.86,766.4290624999994,0.0068316925108424,under_0.01,False,False,False,False,False,False,False,False,False,False,False,False,True,12455.854251012146,1235.7004048582996,13691.554655870445,302.6608995445344,425.1280680668016,454.1995508603239,122.4671685222672,14116.682723937249,3.4130783766376864,3.105038680793798,3.011529524184349,Q1,Q5,Q5,Q5
1671,1671,03M247,M.S. M247 Dual Language Middle School,2020,3.0,Middle/Junior High School,231.0,M,True,0.009,0.017,0.935,0.0,0.039,-6.765421556309548e-17,0.281,0.234,86.1%,85.2%,0.852,4147590.0,3509457.0,638133.0,4147590.0,90254.2109375,3313356.0,90254.2109375,53120.6484375,Active,1.0,,,,unresolvable,-3132847.578125,3185968.2265625,59.976079364147914,True,,,,,False,False,False,False,False,False,False,False,False,False,False,False,True,15192.454545454546,2762.480519480519,17954.935064935064,390.71086985930737,14343.532467532468,390.71086985930737,229.95951704545453,32298.467532467537,94.41221248757287,79.88629541492772,44.40932825408467,Q4,Q5,Q5,Q5
1691,1691,03M859,Special Music School,2020,3.0,K-12 School,306.0,M,True,0.141,0.072,0.15,0.176,0.461,0.176,0.118,0.007,17.3%,28.0%,0.28,4945303.0,3392276.0,1553027.0,4945303.0,158176.0,112817.0,94198.0,161249.0,Active,1.0,,,,unresolvable,139557.0,21692.0,0.1345248652704823,True,115932.0,21734.0,0.2307267670226544,under_0.50,False,False,False,False,False,False,False,False,False,False,False,False,True,11085.869281045752,5075.251633986928,16161.12091503268,516.9150326797386,368.6830065359477,307.83660130718954,526.9575163398692,16529.803921568626,3.3257022718670295,2.281296009567058,2.2304136714826854,Q1,Q5,Q5,Q5
1781,1781,06M348,Washington Heights Expeditionary Learning School,2020,6.0,K-12 School,890.0,M,True,0.009,0.028,0.917,0.009,0.037,0.0089999999999999,0.227,0.167,84.6%,85.6%,0.856,15185188.0,10138438.0,5046750.0,15185188.0,20788.560546875,6612.5,14430.23046875,16251.4501953125,Active,1.0,,,,unresolvable,28606.291015625,12354.8408203125,0.7602300515849397,True,14430.23,0.0004687500004365,3.2483888698221354e-08,under_0.01,False,False,False,False,False,False,False,False,False,False,False,False,True,11391.503370786517,5670.505617977528,17062.008988764046,23.357933198735957,7.429775280898877,16.213742099719102,18.26005639922753,17069.438764044946,0.0652220785884373,0.0435457236354268,0.0435267695886343,Q4,Q4,Q3,Q4
1975,1975,10X141,Riverdale / Kingsbridge Academy (Middle School / H,2020,10.0,Junior-Senior High School,1540.0,X,True,0.07,0.091,0.555,0.018,0.267,0.0169999999999999,0.171,0.065,52.2%,50.4%,0.504,19673921.0,16710148.0,2963772.0,19673921.0,32273.880859375,2283189.0,48015.76953125,944199.0,Active,1.0,,,,unresolvable,-2202899.349609375,3147098.349609375,3.3330879926894386,True,,,,,False,False,False,False,False,False,False,False,False,False,False,False,True,10850.745454545457,1924.5272727272727,12775.273376623376,20.95706549310065,1482.59025974026,31.17907112418831,613.1162337662338,14257.862987012988,13.663487600468889,11.605154864655605,10.398403979394374,Q1,Q3,Q5,Q5
2199,2199,14K319,P.S. 319,2020,14.0,Elementary School,125.0,K,True,0.024,0.016,0.792,0.0,0.168,-6.245004513516506e-17,0.12,0.216,60.8%,69.8%,0.698,2870321.0,1296194.0,1574127.0,2870321.0,0.0,1535.0,4678.0,31423.0,Active,1.0,,,,unresolvable,3143.0,28280.0,0.8999777233236801,True,3188.0,1490.0,0.3185121846943138,under_0.50,False,False,False,False,False,False,False,False,False,False,False,False,True,10369.552,12593.016,22962.568,0.0,12.28,37.424,251.384,22974.848,0.1184236310305401,0.0534783391822726,0.0534497551409262,Q2,Q1,Q3,Q5
2217,2217,15K010,"Magnet School of Math, Science and Design Technolo",2020,15.0,Elementary School,956.0,K,True,0.098,0.079,0.257,0.058,0.507,0.059,0.2,0.048,21.5%,29.6%,0.296,25804018.0,9680161.0,16123857.0,25804018.0,532325.125,502671.0625,551823.4375,29654.080078125,Active,1.0,,,,unresolvable,581477.5,551823.419921875,18.60868448685886,True,550322.29,1501.1474999999627,0.0027203402356391,under_0.01,False,True,False,False,False,False,False,False,False,True,False,True,True,10125.691422594142,16865.95920502092,26991.65062761506,556.8254445606694,525.8065507322176,577.2211689330544,31.018912215611923,27517.45717834728,5.1927965092729345,1.948034071670544,1.91081082573996,Q1,Q5,Q5,Q4
2234,2234,15K146,"The Brooklyn New School, P.S. 146",2020,15.0,Elementary School,722.0,K,True,0.05,0.169,0.226,0.14,0.416,0.139,0.294,0.039,33.5%,38.0%,0.38,13490692.0,7872012.0,5618680.0,13490692.0,142378.0,106333.0,46850.0,61887.0,Active,1.0,,,,unresolvable,82895.0,21008.0,0.3394573981611647,True,196404.98,149554.98,3.192208751334045,under_5.00,True,False,False,False,False,False,False,False,False,False,False,False,True,10903.063711911358,7782.105263157895,18685.168975069253,197.1994459833795,147.27562326869807,64.88919667590028,85.71606648199446,18832.444598337952,1.350772839269046,0.7881952979135541,0.782031363478408,Q1,Q5,Q5,Q5
2432,2432,20K204,P.S. 204 Vince Lombardi,2020,20.0,Elementary School,1114.0,K,True,0.535,0.004,0.202,0.006,0.252,0.007,0.179,0.12,72.2%,66.5%,0.665,17396618.0,11669188.0,5727430.0,17396618.0,71746.296875,36964.421875,41181.0,4216.580078125,Active,1.0,,,,unresolvable,75962.875,71746.294921875,17.01528100796289,True,41181.18,0.180000000000291,4.37094776718125e-06,under_0.01,False,False,False,False,False,False,False,False,False,False,False,False,True,10475.034111310591,5141.319569120287,15616.35368043088,64.40421622531419,33.1817072486535,36.96678635547576,3.7850808600763015,15649.535387679534,0.3167694433837213,0.2124805055499867,0.2120299831698299,Q2,Q4,Q4,Q2
2519,2519,22K312,P.S. 312 Bergen Beach,2020,22.0,Elementary School,740.0,K,True,0.055,0.361,0.168,0.022,0.395,0.0209999999999999,0.223,0.045,52.6%,46.5%,0.465,12725427.0,7484375.0,5241052.0,12725427.0,70160.2734375,34348.30859375,21722.5703125,3581196.0,Active,1.0,,,,unresolvable,57534.53515625,3523661.46484375,0.9839342680053674,True,33495.41,11772.839687500003,0.5419634747700856,under_1.00,False,False,False,False,True,False,False,False,False,True,False,True,True,10114.02027027027,7082.502702702703,17196.522972972973,94.81118032094597,46.416633234797295,29.35482474662162,4839.454054054054,17242.93960620777,0.4589335594989562,0.2699187115194641,0.2691921116402128,Q1,Q5,Q4,Q5
2615,2615,25Q025,I.S. 025 Adrien Block,2020,25.0,Middle/Junior High School,1066.0,Q,True,0.582,0.018,0.219,0.016,0.166,0.015,0.15,0.126,60.3%,53.2%,0.532,14087085.0,11645567.0,2441518.0,14087085.0,22114.7890625,5210.259765625,4374.4501953125,16.899999618530273,Active,1.0,,,,unresolvable,21278.9794921875,21262.07949256897,1258.1112409763502,True,4374.45,0.0001953125001818,4.4648468141479504e-08,under_0.01,False,False,False,False,False,False,False,False,False,False,False,False,True,10924.546904315195,2290.3545966228894,13214.901500938086,20.74558073405253,4.887673326102251,4.10361181549015,0.0158536581787338,13219.789174264188,0.0447402841409525,0.0369860745897749,0.0369723999503516,Q1,Q3,Q3,Q1
2621,2621,25Q129,P.S. 129 Patricia Larkin,2020,25.0,Elementary School,1113.0,Q,True,0.333,0.015,0.532,0.01,0.11,0.0099999999999999,0.156,0.207,78.5%,66.1%,0.6609999999999999,17279225.0,12242982.0,5036243.0,17279225.0,2720165.0,12285.0,17807.75,1491665.0,Active,1.0,,,,unresolvable,2725687.75,1234022.75,0.8272787455628442,True,9823.94,7983.81,0.448333450323595,under_0.50,False,False,False,False,True,False,False,False,False,True,False,True,True,10999.98382749326,4524.92632524708,15524.910152740342,2443.9937106918237,11.037735849056604,15.999775381850853,1340.2201257861636,15535.947888589397,0.1003432007006136,0.0710969386647838,0.0710464268302768,Q2,Q5,Q3,Q5
2701,2701,27Q090,P.S. 090 Horace Mann,2020,27.0,Elementary School,752.0,Q,True,0.311,0.029,0.572,0.033,0.055,0.033,0.164,0.211,86.2%,74.1%,0.741,12791608.0,7600312.0,5191296.0,12791608.0,0.0,2478.090087890625,16319.099609375,1384101.0,Active,1.0,,,,unresolvable,13841.009521484377,1370259.9904785156,0.9900000003457232,True,2364.63,13954.469609375,0.855100461630765,under_1.00,False,False,False,False,True,False,False,False,False,True,False,True,True,10106.797872340425,6903.31914893617,17010.117021276597,0.0,3.2953325636843416,21.70093033161569,1840.559840425532,17013.41235384028,0.0326051099993082,0.0193727800905924,0.0193690277714365,Q2,Q1,Q2,Q5
2772,2772,28Q175,P.S. 175 The Lynn Gross Discovery School,2020,28.0,Elementary School,808.0,Q,True,0.254,0.007,0.127,0.033,0.578,0.034,0.152,0.083,55.9%,52.0%,0.52,11542879.0,7240122.0,4302757.0,11542879.0,21293.44921875,19642.599609375,23299.740234375,1650.8499755859375,Active,1.0,,,,unresolvable,24950.58984375,23299.739868164062,14.113783937207415,True,11701.38,11598.360234375,0.4977892507687058,under_0.50,False,False,False,False,False,False,False,False,False,False,False,False,True,8960.54702970297,5325.194306930693,14285.741336633664,26.35327873607673,24.310148031404704,28.83631217125619,2.043131157903388,14310.051484665068,0.271302052774456,0.1701707139906343,0.1698816252160653,Q1,Q4,Q4,Q2
2924,2924,31R036,P.S. 036 J. C. Drumgoole,2020,31.0,Elementary School,884.0,R,True,0.086,0.003,0.166,0.017,0.727,0.0179999999999999,0.209,0.032,36.9%,28.5%,0.285,17062972.0,8325048.0,8737923.0,17062972.0,150298.40625,144166.21875,31603.41015625,6132.18994140625,Active,1.0,,,,unresolvable,37735.59765625,31603.40771484375,5.15369028305023,True,37691.82,6088.40984375,0.1926504074607257,under_0.50,False,False,False,False,False,False,False,False,False,False,False,False,True,9417.475113122173,9884.528280542989,19302.004524886877,170.02082154977376,163.08395786199094,35.75046397765837,6.936866449554581,19465.087351527152,1.7317163666804083,0.8449068471190131,0.8378279811392882,Q1,Q5,Q5,Q3
2951,2951,31R068,Port Richmond School for Visionary Learning,2020,31.0,Elementary School,291.0,R,True,0.065,0.241,0.509,0.045,0.141,0.044,0.237,0.048,75.6%,70.3%,0.703,5946497.0,3375089.0,2571409.0,5946497.0,18612.5,10990.2900390625,12408.240234375,6309.2099609375,Active,1.0,,,,unresolvable,20030.4501953125,13721.240234375,2.174795310241368,True,13715.0,1306.759765625,0.1053138673125328,under_0.50,False,False,False,False,False,False,False,False,False,False,False,False,True,11598.243986254296,8836.45704467354,20434.69759450172,63.96048109965635,37.76731972186426,42.64000080541237,21.68113388638316,20472.4683506497,0.325629636405514,0.1848195675380396,0.184478614959671,Q2,Q4,Q4,Q4
2996,2996,01M064,P.S. 064 Robert Simon,2021,1.0,Elementary School,220.0,M,True,0.0318181812763214,0.1818181872367859,0.7272727489471436,,0.0409090891480445,0.0181817933917045,0.2772727310657501,0.0181818176060915,0.918181836605072,0.9033181667327881,0.903318166732788,5409886.41917488,2787703.821563709,2622182.5976111707,5409886.41917488,265821.0,304.1,2741.8,2437.66,Active,1.0,0.0090909088030457,0.0045454544015228,0.0045454544015228,unresolvable,268258.7,265821.04000000004,109.04762764290346,True,2437.659912109375,304.1400878906252,0.1109271602197918,under_0.50,False,False,False,False,False,False,False,False,False,False,False,False,True,12671.381007107768,11919.011807323504,24590.39281443127,1208.2772727272727,1.382272727272727,12.462727272727273,11.080272727272726,24591.775087158545,0.0109086194038153,0.0056211901034029,0.0056208741433819,Q4,Q5,Q2,Q3
3004,3004,01M315,The East Village Community School,2021,1.0,Elementary School,297.0,M,True,0.1111111119389534,0.0404040403664112,0.2592592537403106,,0.5218855142593384,0.0673400796949863,0.1717171669006347,0.0134680131450295,0.32996633648872375,0.3979595899581909,0.3979595899581909,5073745.541521278,3320526.812280719,1753218.729240559,5073745.541521278,42707.53,26752.83,100612.77,68076.34,Active,1.0,0.0639730617403984,0.0033670032862573,0.0,unresolvable,116567.47,48491.12999999999,0.7123051856195558,True,117733.9609375,17121.190937499996,0.1701691637900437,under_0.50,False,False,False,False,False,False,False,False,False,False,False,False,True,11180.22495717414,5903.093364446327,17083.318321620467,143.7963973063973,90.07686868686868,338.76353535353536,229.213265993266,17173.395190307336,0.8056802884728009,0.5272796946765803,0.5245140386550243,Q1,Q5,Q5,Q5
3020,3020,02M033,P.S. 033 Chelsea Prep,2021,2.0,Elementary School,555.0,M,True,0.2774774730205536,0.1693693697452545,0.2666666805744171,,0.2000000029802322,0.0864864736795425,0.1549549549818039,0.0630630627274513,0.4954954981803894,0.47516244649887085,0.4751624464988708,8467577.478570959,5332700.579429014,3134876.899141945,8467577.478570959,99665.0,156157.0,450889.0,439216.0,Active,1.0,0.0756756737828254,0.0108108110725879,0.0,unresolvable,394397.0,44819.0,0.1020431860405814,True,532077.0,81188.0,0.1800620551843136,under_0.50,True,False,False,False,False,False,False,False,False,False,False,False,True,9608.46951248471,5648.426845300802,15256.89635778551,179.57657657657657,281.36396396396395,812.4126126126126,791.3801801801802,15538.260321749474,2.928291166437853,1.8441756263251108,1.8107816328069135,Q1,Q5,Q5,Q5
3041,3041,02M158,P.S. 158 Bayard Taylor,2021,2.0,Elementary School,667.0,M,True,0.1304347813129425,0.0224887561053037,0.0794602707028389,,0.6971514225006104,0.0704647693783044,0.1694152951240539,0.0689655169844627,0.08545727282762527,0.08659220486879349,0.0865922048687934,10524191.1428082,5856420.880413538,4667770.262394663,10524191.1428082,172256.0,245260.0,0.0,0.0,Active,1.0,0.0659670159220695,0.0044977511279284,0.0,unresolvable,-73004.0,73004.0,inf,True,55141.0,55141.0,5514100.0,extreme_outlier,True,False,False,False,False,False,False,False,False,False,False,False,True,8780.241200020297,6998.1563154342775,15778.397515454571,258.25487256371815,367.70614692653675,0.0,0.0,16146.10366238111,4.1878820700926385,2.330440379426219,2.2773676833455316,Q1,Q5,Q5,Q1
3044,3044,02M183,P.S. 183 Robert L. Stevenson,2021,2.0,Elementary School,541.0,M,True,0.1829944550991058,0.0184842888265848,0.1035120114684104,,0.6469500660896301,0.0480591785162687,0.1626617312431335,0.0942698717117309,0.11460258811712265,0.06805741041898727,0.0680574104189872,8620527.118982242,5202695.497865043,3417831.6211172,8620527.118982242,304000.0,229000.0,365074.0,292844.0,Active,1.0,0.0462107211351394,0.0018484288593754,0.0,unresolvable,440074.0,147230.0,0.5027591482154321,True,103983.0,261091.0,0.715172814278749,under_1.00,True,False,False,False,False,False,False,False,False,False,False,False,True,9616.81238052688,6317.618523321996,15934.430903848875,561.9223659889094,423.2902033271719,674.8133086876155,541.3012939001849,16357.721107176048,4.401564536959189,2.6564500852360435,2.5877088902162333,Q1,Q5,Q5,Q5
3059,3059,02M290,P.S. 290 Manhattan New School,2021,2.0,Elementary School,456.0,M,True,0.0921052619814872,0.0285087712109088,0.1184210553765297,,0.6973684430122375,0.0635964684188366,0.1754385977983474,0.0285087712109088,0.13377192616462708,0.10843420773744583,0.1084342077374458,8300211.957689281,4318141.505626309,3982070.452062972,8300211.957689281,165726.0,114537.0,672036.0,649304.0,Active,1.0,0.0592105276882648,0.0021929824724793,0.0021929824724793,unresolvable,723225.0,73921.0,0.1138465187339058,True,633298.875,38737.125,0.0576414433155366,under_0.50,False,False,False,False,False,False,False,False,False,False,False,False,True,9469.608564969974,8732.610640488974,18202.21920545895,363.4342105263158,251.17763157894737,1473.7631578947369,1423.9122807017543,18453.396837037893,2.6524605516230624,1.379928616086646,1.3611457760167365,Q1,Q5,Q5,Q5
3071,3071,02M343,The Peck Slip School,2021,2.0,Elementary School,424.0,M,True,0.1816037744283676,0.0660377368330955,0.1462264209985733,,0.474056601524353,0.1320754662156105,0.172169804573059,0.0188679248094558,0.1603773534297943,0.18573223054409027,0.1857322305440902,7278365.42167984,4236641.808258937,3041723.6134209028,7278365.42167984,121910.59,127025.61,57374.98,62490.0,Active,1.0,0.1320754736661911,0.0,0.0,unresolvable,52259.96000000001,10230.039999999994,0.1637068330932948,True,48666.0,8708.980000000003,0.1517905540010646,under_0.50,False,False,False,False,False,False,False,False,False,False,False,False,True,9992.079736459757,7173.876446747412,17165.95618320717,287.52497641509433,299.5887028301887,135.31834905660378,147.3820754716981,17465.544886037358,2.9982617306087915,1.7452491409902668,1.7153126615001382,Q1,Q5,Q5,Q5
3084,3084,02M413,School of the Future High School,2021,2.0,Junior-Senior High School,735.0,M,True,0.1863945573568344,0.1156462579965591,0.2027210891246795,,0.4095238149166107,0.0857142806053161,0.2380952388048172,0.0190476197749376,0.39047619700431824,0.40259209275245667,0.4025920927524566,10477449.962242598,8757439.169344068,1720010.79289853,10477449.962242598,52093.48,20120.27,119942.34,185976.24,Active,1.0,0.0789115652441978,0.0068027209490537,0.0,unresolvable,151915.55000000002,34060.68999999997,0.1831453845932145,True,119942.34375,0.0037500000034924,3.1265022872594115e-08,under_0.01,False,False,False,False,False,False,False,False,False,False,False,False,True,11914.883223597371,2340.150738637456,14255.033962234827,70.87548299319728,27.374517006802723,163.18685714285715,253.02889795918367,14282.40847924163,0.2297506110054659,0.1920340356910036,0.1916659717903283,Q1,Q5,Q4,Q5
3167,3167,04M083,P.S. 083 Luis Munoz Rivera,2021,4.0,Elementary School,349.0,M,True,0.0888252183794975,0.1404011398553848,0.7249283790588379,,0.037249282002449,0.0085959807038307,0.2492836713790893,0.0802292227745056,0.8767908215522766,0.833332359790802,0.833332359790802,6895680.19059252,3993070.0595265743,2902610.1310659456,6895680.19059252,174193.0,818.2,1697.33,923.73,Active,1.0,0.0028653296176344,0.0057306592352688,0.0,unresolvable,175072.12999999998,174148.39999999997,188.5273835428101,True,1697.3800048828125,0.0500048828125727,2.9460907903927205e-05,under_0.01,False,False,False,False,False,False,False,False,False,False,False,False,True,11441.461488614828,8316.934472968325,19758.39596158315,499.12034383954153,2.344412607449857,4.863409742120344,2.646790830945559,19760.7403741906,0.0204904994854261,0.0118653994585803,0.0118639917485676,Q3,Q5,Q3,Q2
3322,3322,08X304,P.S. 304 Early Childhood School,2021,8.0,Elementary School,528.0,X,True,0.0492424257099628,0.0928030312061309,0.7178030014038086,,0.1212121248245239,0.0189394168555736,0.2045454531908035,0.0397727265954017,0.6515151262283325,0.556998074054718,0.556998074054718,9466751.24303756,5383236.093705341,4083515.14933222,9466751.24303756,15851.1,4500.0,9876.33,6961.43,Active,1.0,0.0132575761526823,0.0056818183511495,0.0,unresolvable,21227.43,14266.0,2.0492915966978047,True,8588.5703125,1287.7596875,0.1303884831207543,under_0.50,False,False,False,False,False,False,False,False,False,False,False,False,True,10195.522904744965,7733.930207068598,17929.453111813564,30.02102272727273,8.522727272727273,18.705170454545453,13.184526515151516,17937.97583908629,0.083592841214263,0.0475347865859428,0.0475122017622329,Q1,Q4,Q3,Q4
3431,3431,10X081,P.S. 081 Robert J. Christen,2021,10.0,Elementary School,733.0,X,True,0.055934514850378,0.0736698508262634,0.518417477607727,,0.3055934607982635,0.0463846959173679,0.1937244236469268,0.0695770829916,0.3888131082057953,0.42953887581825256,0.4295388758182525,11559101.80455472,7856771.019597488,3702330.784957232,11559101.80455472,9205.29,9400.0,36413.27,3621817.0,Active,1.0,0.0381991825997829,0.0054570259526371,0.0027285129763185,unresolvable,36218.56,3585598.44,0.989999892319242,True,41959.73828125,5546.468281250003,0.1523199723960524,under_0.50,False,False,False,False,True,False,False,False,False,True,False,True,True,10718.650777077064,5050.928765289539,15769.579542366602,12.55837653478854,12.824010914051842,49.67703956343792,4941.087312414734,15782.403553280654,0.1196420256687278,0.0813211974333165,0.0812551197969218,Q1,Q4,Q4,Q5
3604,3604,13K056,P.S. 056 Lewis H. Latimer,2021,13.0,Elementary School,275.0,K,True,0.0181818176060915,0.4836363494396209,0.1418181806802749,,0.2872727215290069,0.0690909307450056,0.2072727233171463,0.0472727268934249,0.48363634943962097,0.5295709371566772,0.5295709371566772,6070188.549820037,2651078.886823092,3419109.6629969445,6070188.549820037,37404.0,27009.98,60000.0,10394.02,Active,1.0,0.0654545426368713,0.0036363636609166,0.0,unresolvable,70394.02,60000.0,5.772549985472415,True,12281.330078125,47718.669921875,0.7953111653645834,under_1.00,False,False,False,False,False,False,False,False,False,False,False,False,True,9640.28686117488,12433.126047261616,22073.412908436498,136.01454545454544,98.2181090909091,218.1818181818182,37.79643636363637,22171.63101752741,1.0188297351033293,0.4449611371758916,0.4429900038173304,Q1,Q5,Q5,Q4
3674,3674,15K015,P.S. 015 Patrick F. Daly,2021,15.0,Elementary School,423.0,K,True,0.0260047279298305,0.3120567500591278,0.4515366554260254,,0.1702127605676651,0.0401891060173511,0.4208037853240967,0.0543735213577747,0.7541370987892151,0.7919432520866394,0.7919432520866394,13055807.974081645,5351983.682269644,7703824.291811999,13055807.974081645,600.0,45000.6,43337.37,33630.37,Active,1.0,0.0401891246438026,0.0,0.0,unresolvable,-1063.229999999996,34693.6,1.0316151740227657,True,15090.0703125,28247.299687500003,0.6518000443381774,under_1.00,False,False,False,False,False,False,False,False,False,False,False,False,True,12652.443693308853,18212.350571659572,30864.794264968423,1.4184397163120568,106.38439716312055,102.45241134751774,79.50442080378251,30971.178662131544,0.8408209492319744,0.3446787827251678,0.3434948289300877,Q3,Q2,Q5,Q5
3683,3683,15K094,P.S. 094 The Henry Longfellow,2021,15.0,Elementary School,1131.0,K,True,0.702917754650116,0.0053050396963953,0.2740937173366546,,0.0141467731446027,0.0035367151722311,0.1149425283074379,0.5543766617774963,Above 95%,0.9366017580032349,0.9366017580032348,18177276.55940036,12841351.284104912,5335925.275295449,18177276.55940036,11023.05,10221.36,11023.05,801.69,Active,1.0,0.0026525198481976,0.0008841733215376,0.0,unresolvable,11824.739999999998,11023.049999999996,13.749766119073453,True,3967.030029296875,7056.019970703124,0.6401150290258254,under_1.00,False,False,False,False,False,False,False,False,False,False,False,False,True,11353.979915212123,4717.882648360256,16071.86256357238,9.74628647214854,9.037453580901856,9.74628647214854,0.7088328912466844,16080.900017153284,0.0795972306485537,0.0562315260297562,0.0561999239548888,Q5,Q3,Q4,Q1
3690,3690,15K146,"The Brooklyn New School, P.S. 146",2021,15.0,Elementary School,719.0,K,True,0.0486787222325801,0.169680118560791,0.2253129333257675,,0.4102920591831207,0.1460361666977405,0.3143254518508911,0.0333796925842762,0.3560500741004944,0.3812517523765564,0.3812517523765564,13637538.08633984,7735989.245062407,5901548.841277432,13637538.08633984,226994.56,191186.53,127783.1,143502.91,Active,1.0,0.1432545185089111,0.0027816412039101,0.0,unresolvable,163591.13000000003,20088.22000000003,0.1399847571035321,True,61887.0,65896.1,0.5156871292056618,under_1.00,True,False,False,False,False,False,False,False,False,False,False,False,True,10759.37308075439,8207.995606783632,18967.368687538023,315.70870653685677,265.90616133518773,177.72336578581363,199.58680111265647,19233.27484887321,2.4713908453534525,1.401913811639534,1.382531905900393,Q1,Q5,Q5,Q5
3794,3794,18K235,P.S. 235 Janice Marie Knight School,2021,18.0,K-8 School,1109.0,K,True,0.022542830556631,0.901713252067566,0.0432822369039058,,0.0108205592259764,0.0216411212459206,0.098286747932434,0.0054102796129882,0.611361563205719,0.5344290733337402,0.5344290733337402,15629743.4704426,10409186.524420813,5220556.946021788,15629743.4704426,39308.02,34069.53,32814.97,5238.49,Active,1.0,0.0126239852979779,0.0036068530753254,0.0054102796129882,unresolvable,38053.45999999999,32814.969999999994,6.264203997716899,True,12405.0498046875,20409.9201953125,0.6219697959593594,under_1.00,False,False,False,False,False,False,False,False,False,False,False,False,True,9386.10146476178,4707.445397675192,14093.546862436971,35.44456266907123,30.720946798917943,29.589693417493237,4.723615870153291,14124.26780923589,0.3273025218644133,0.2179788175310034,0.2175047033505655,Q1,Q4,Q4,Q2
3913,3913,21K098,I.S. 98 Bay Academy,2021,21.0,Middle/Junior High School,1661.0,K,True,0.2998193800449371,0.0198675505816936,0.0788681507110595,,0.5532811284065247,0.0481637902557849,0.1065623089671135,0.0258880201727151,0.5412402153015137,0.5463130474090576,0.5463130474090576,17207523.617683515,15820581.274232017,1386942.343451498,17207523.617683515,25831.05,22143.87,20372.0,3687.18,Active,1.0,0.004214328713715,0.0054184226319193,0.0385310053825378,unresolvable,24059.180000000004,20372.000000000004,5.525089634897132,True,25360.91015625,4988.91015625,0.2448905436996858,under_0.50,False,False,False,False,False,False,False,False,False,False,False,False,True,9524.73285625046,835.0044211026478,10359.73727735311,15.551505117399156,13.331649608669476,12.264900662251655,2.219855508729681,10373.068926961778,0.1399687509337417,0.1286871399510595,0.1285217489880716,Q1,Q4,Q4,Q2
3926,3926,21K216,P.S. 216 Arturo Toscanini,2021,21.0,Elementary School,697.0,K,True,0.3012912571430206,0.0329985655844211,0.1850789040327072,,0.4576757550239563,0.0229555182158947,0.1850789040327072,0.2568149268627167,0.7460545301437378,0.7222428321838379,0.7222428321838379,13341040.82749108,7030357.697142089,6310683.130348992,13341040.82749108,980.22,4692.18,322675.0,3226.75,Active,1.0,0.010043041780591,0.011477761901915,0.0014347202377393,unresolvable,318963.04,315736.29,97.84962888355156,True,12876.3798828125,309798.6201171875,0.9600948946066088,under_1.00,True,False,False,False,False,True,False,False,False,False,True,True,True,10086.596409099124,9054.064749424666,19140.661158523788,1.4063414634146345,6.731965566714491,462.948350071736,4.6294835007173605,19147.393124090508,0.0667416965413782,0.0351710189682585,0.0351586533116332,Q2,Q2,Q3,Q2
3973,3973,22K277,P.S. 277 Gerritsen Beach,2021,22.0,Elementary School,364.0,K,True,0.1923076957464218,0.0357142873108387,0.140109896659851,,0.6153846383094788,0.0164834819734096,0.2335164844989776,0.0604395605623722,0.5137362480163574,0.43416208028793335,0.4341620802879333,8054453.325679601,3992904.01493672,4061549.310742881,8054453.325679601,18818.8,8012.19,10629.07,9830.99,Active,1.0,0.0137362638488411,0.0027472528163343,0.0,unresolvable,21435.68,11604.69,1.1804192660149182,True,,,,,False,False,False,False,False,False,False,False,False,False,False,False,True,10969.516524551427,11158.102502040882,22127.61902659231,51.7,22.011510989010983,29.20074175824176,27.008214285714285,22149.63053758132,0.2006607213704078,0.0994752800224832,0.099376425045393,Q1,Q5,Q4,Q4
4175,4175,27Q207,P.S. 207 Rockwood Park,2021,27.0,K-8 School,661.0,Q,True,0.0514372177422046,0.0196671709418296,0.2254160344600677,,0.6898638606071472,0.0136157162487506,0.1906202733516693,0.0121028739959001,0.32375189661979675,0.23983055353164673,0.2398305535316467,14060491.71989156,6302838.0260705,7757653.69382106,14060491.71989156,38315.92,35700.88,21085.49,2615.04,Active,1.0,0.0121028739959001,0.0015128592494875,0.0,unresolvable,23700.53000000001,21085.490000000005,8.063161557758201,True,34673.0390625,13587.549062499998,0.6444028126688067,under_1.00,False,False,False,False,False,False,False,False,False,False,False,False,True,9535.307149879727,11736.238568564386,21271.545718444115,57.966596066565806,54.0104084720121,31.89937972768533,3.9561875945537066,21325.556126916123,0.5664254713881277,0.2539091854767319,0.2532661195355307,Q1,Q5,Q5,Q2
4216,4216,28Q086,P.S. Q086,2021,28.0,Elementary School,705.0,Q,True,0.590070903301239,0.0368794314563274,0.3148936033248901,,0.0283687934279441,0.0297872684895992,0.136170208454132,0.2893617153167724,0.7872340679168701,0.8254297971725464,0.8254297971725464,11891313.42605128,7475772.309426345,4415541.116624935,11891313.42605128,0.0,0.0,5015.35,501535.0,Active,1.0,0.0028368793427944,0.0269503537565469,0.0,unresolvable,5015.35,496519.65,0.99,True,5060.35009765625,45.00009765624963,0.0089724740359595,under_0.01,False,False,False,False,False,False,False,False,False,False,False,False,True,10603.932353796234,6263.178888829694,16867.111242625928,0.0,0.0,7.113971631205675,711.3971631205674,16867.111242625928,0.0,0.0,0.0,Q3,Q2,Q2,Q5
4330,4330,30Q227,I.S. 227 Louis Armstrong,2021,30.0,Middle/Junior High School,1541.0,Q,True,0.2011680752038955,0.110317975282669,0.4399740397930145,,0.2193380892276764,0.0292018204927444,0.1447112262248993,0.0687865018844604,0.6761842966079712,0.6173253059387207,0.6173253059387207,21432182.758399248,15921683.631952569,5510499.126446679,21432182.758399248,44442.63,44449.06,71608.18,7546486.0,Active,1.0,0.0207657366991043,0.005840363446623,0.002595717087388,unresolvable,71601.75,7474884.25,0.9905119084564658,True,,,,,False,False,False,False,True,False,False,False,False,True,False,True,True,10332.046484070454,3575.924157330746,13907.9706414012,28.840123296560673,28.84429591174562,46.46864373783257,4897.135626216743,13936.814937312944,0.2791731140216668,0.2073939948210849,0.2069647623326113,Q2,Q4,Q4,Q5
4378,4378,31R032,P.S. 032 The Gifford School,2021,31.0,Elementary School,642.0,R,True,0.1028037369251251,0.0046728970482945,0.2133956402540207,,0.663551390171051,0.0155763356015086,0.2725856602191925,0.0498442351818084,0.3504672944545746,0.3284844160079956,0.3284844160079956,12235257.740293795,6039740.373446304,6195517.366847493,12235257.740293795,41890.78,40406.66,18716.64,1484.12,Active,1.0,0.0155763244256377,0.0,0.0,unresolvable,20200.759999999995,18716.639999999996,12.611271325768804,True,18716.640625,0.000625000000582,3.3392745737593744e-08,under_0.01,False,False,False,False,False,True,False,False,False,False,True,True,True,9407.695285741907,9650.33857764407,19058.033863385976,65.25043613707165,62.938722741433025,29.153644859813085,2.311713395638629,19120.972586127413,0.6690131943029825,0.3302477222603219,0.3291606766231972,Q1,Q5,Q5,Q2
4381,4381,31R036,P.S. 036 J. C. Drumgoole,2021,31.0,Elementary School,821.0,R,True,0.0901339799165725,0.004872107412666,0.1583434790372848,,0.7295980453491211,0.0170523882843554,0.2095006108283996,0.0438489653170108,0.3459196090698242,0.2849220335483551,0.2849220335483551,15847123.528189564,7871437.76954849,7975685.758641074,15847123.528189564,53209.5,51804.28,24132.19,1405.22,Active,1.0,0.0121802678331732,0.004872107412666,0.0,unresolvable,25537.410000000003,24132.19,17.173246893724826,True,6132.18994140625,18000.00005859375,0.7458916931531597,under_1.00,False,False,False,False,False,False,False,False,False,False,False,False,True,9587.622130996942,9714.598975202283,19302.221106199224,64.81059683313033,63.09900121802679,29.39365408038977,1.7115956151035323,19365.320107417258,0.6581298298566302,0.3269002094155968,0.3258350539419112,Q1,Q5,Q5,Q1
4383,4383,31R039,P.S. 39 Francis J. Murphy Jr.,2021,31.0,Elementary School,496.0,R,True,0.1895161271095276,0.0826612934470176,0.2963709533214569,,0.4112903177738189,0.0201613083481788,0.2661290466785431,0.2177419364452362,0.7419354915618896,0.6867414116859436,0.6867414116859436,9010441.7176224,6158866.401458027,2851575.3161643725,9010441.7176224,13317.72,12435.92,11184.92,881.8,Active,1.0,0.0141129028052091,0.0040322579443454,0.0020161289721727,unresolvable,12066.72,11184.92,12.684191426627354,True,8762.8095703125,2422.1104296875,0.2165514308271762,under_0.50,False,False,False,False,False,False,False,False,False,False,False,False,True,12417.06935777828,5749.143782589461,18166.21314036774,26.85024193548387,25.07241935483871,22.55024193548387,1.7778225806451613,18191.28555972258,0.2019189764703447,0.1380167631036127,0.1378265393752692,Q2,Q4,Q4,Q2
4409,4409,31R069,P.S. 069 Daniel D. Tompkins,2021,31.0,Elementary School,883.0,R,True,0.2729331851005554,0.0271800681948661,0.2083805203437805,,0.4631936550140381,0.0283125713467597,0.2525481283664703,0.1687429249286651,0.5968289971351624,0.58214271068573,0.58214271068573,23221498.16525224,9327973.07945875,13893525.085793488,23221498.16525224,29285.14,27017.56,16901.73,2267.58,Active,1.0,0.0215175542980432,0.0067950170487165,0.0,unresolvable,19169.30999999999,16901.729999999996,7.4536422088746574,True,23606.240234375,6704.510234375,0.3966759754400881,under_0.50,False,False,False,False,False,True,False,False,False,False,True,True,True,10563.95592237684,15734.456495802364,26298.412418179207,33.16550396375991,30.597463193657987,19.141257078142697,2.568040770101925,26329.009881372865,0.2896402012511777,0.1163471874542015,0.1162119780862133,Q1,Q4,Q4,Q2
4412,4412,31R075,I.S. 075 Frank D. Paulo,2021,31.0,Middle/Junior High School,1446.0,R,True,0.1196403875946998,0.0200553257018327,0.1424619704484939,,0.6998617053031921,0.0179806109517812,0.2219917029142379,0.0172890741378068,0.3195020854473114,0.296074777841568,0.296074777841568,27721042.64226035,15732121.802216318,11988920.840044037,27721042.64226035,49607.96,44590.46,48038.12,5017.5,Active,1.0,0.012448132969439,0.0048409407027065,0.0006915629492141,unresolvable,53055.62,48038.12,9.574114598903837,True,35333.5,12704.620000000004,0.2644695504320319,under_0.50,False,False,False,False,False,False,False,False,False,False,False,False,True,10879.7522836904,8291.093250376236,19170.845534066633,34.30702627939142,30.83710926694329,33.221383125864456,3.469917012448133,19201.682643333577,0.2834357663930504,0.1608541950439571,0.1605958698502357,Q1,Q4,Q4,Q2
4418,4418,31R455,Tottenville High School,2021,31.0,Senior High School,3726.0,R,True,0.0721953809261322,0.0142243690788745,0.1320450901985168,,0.7606011629104614,0.0209339968860149,0.2241009175777435,0.0233494359999895,0.42351046204566956,0.3508710265159607,0.3508710265159607,52801632.87301714,38094612.41628279,14707020.456734352,52801632.87301714,35318.24,31584.23,33493.63,3734.01,Active,1.0,0.0080515295267105,0.0034889962989836,0.0093934517353773,unresolvable,37227.64,33493.63,8.969882244557459,True,39088.73828125,5595.108281250003,0.1670499220672708,under_0.50,False,False,False,False,False,False,False,False,False,False,False,False,True,10223.99689111186,3947.1337779748665,14171.130669086726,9.478862050456252,8.476712292002148,8.989165324745034,1.0021497584541064,14179.607381378728,0.0829099654692902,0.0598167675533009,0.0597810084864136,Q1,Q3,Q3,Q1
4454,4454,01M110,P.S. 110 Florence Nightingale,2022,1.0,Elementary School,330.0,M,True,0.1212121248245239,0.1060606092214584,0.4727272689342499,,0.269696980714798,0.0303030163049697,0.1575757563114166,0.0212121214717626,0.6272727251052856,0.6627386212348938,0.6627386212348938,6474217.996425248,3560720.4442149466,2913497.552210301,6474217.996425248,60953.48,4188775.0,37943.53,5700926.0,Active,1.0,0.0272727273404598,0.0030303029343485,0.0,unresolvable,-4089877.99,9790803.99,1.7174059073911854,True,37044.82,898.7099999999991,0.0236854609995432,under_0.05,False,False,False,False,True,False,False,False,False,True,False,True,True,10790.061952166505,8828.780461243337,19618.84241340984,184.70751515151517,12693.257575757576,114.98039393939392,17275.533333333333,32312.09998916742,117.63841238380412,64.69931970645474,39.28329505050111,Q2,Q5,Q5,Q5
4470,4470,01M696,Bard High School Early College,2022,1.0,Senior High School,614.0,M,True,0.2100977152585983,0.1710097789764404,0.2280130237340927,,0.3501628637313843,0.0407166182994842,0.1596091240644455,0.0032573288772255,0.447882741689682,0.4390815794467926,0.4390815794467926,9355371.4773545,7859614.575504019,1495756.9018504797,9355371.4773545,230096.6,197628.79,230096.8,32468.01,Active,1.0,0.0374592840671539,0.0016286644386127,0.0016286644386127,unresolvable,262564.61,230096.6,7.086871046300651,True,281513.97,51417.169999999984,0.2234588660076975,under_0.50,True,False,False,False,False,False,False,False,False,False,False,False,True,12800.67520440394,2436.0861593656023,15236.76136376954,374.7501628664495,321.870993485342,374.7504885993485,52.87949511400651,15558.632357254884,2.5144844966819067,2.1124633102851975,2.0687614829799346,Q1,Q5,Q5,Q5
4479,4479,02M041,P.S. 041 Greenwich Village,2022,2.0,Elementary School,494.0,M,True,0.0890688225626945,0.0101214572787284,0.1093117445707321,,0.6356275081634521,0.1558704674243927,0.1599190235137939,0.0182186234742403,0.07692307978868484,0.07212348282337189,0.0721234828233718,9524360.749845495,4491996.301802773,5032364.448042724,9524360.749845495,278310.75,114996.18,524548.87,544719.43,Active,1.0,0.1518218666315078,0.0,0.0040485830977559,unresolvable,687863.44,143144.0099999999,0.2627848431990022,True,,,,,False,False,False,False,False,False,False,False,False,False,False,False,True,9093.10992267768,10186.972566888106,19280.082489565782,563.3820850202429,232.7857894736842,1061.8398178137652,1102.670910931174,19512.86827903947,2.5600239241926483,1.2073900077951736,1.1929860138693211,Q1,Q5,Q5,Q5
4482,4482,02M051,P.S. 051 Elias Howe,2022,2.0,Elementary School,430.0,M,True,0.118604652583599,0.1837209314107895,0.4720930159091949,,0.1953488439321518,0.0302325561642646,0.2418604642152786,0.0813953503966331,0.5883721113204956,0.5831023454666138,0.5831023454666138,9479678.98101875,4774352.56898829,4705326.41203046,9479678.98101875,26504.06,21848.35,46095.65,4655.71,Active,1.0,0.0279069766402244,0.0023255813866853,0.0,unresolvable,50751.36000000001,46095.65000000001,9.900885149633462,True,45206.99,888.6600000000035,0.019278608719044,under_0.05,False,False,False,False,False,False,False,False,False,False,False,False,True,11103.145509275091,10942.619562861537,22045.765072136623,61.6373488372093,50.81011627906977,107.19918604651164,10.827232558139537,22096.5751884157,0.4576191155616682,0.2304756315456161,0.2299456628270039,Q1,Q4,Q4,Q3
4501,4501,02M183,P.S. 183 Robert L. Stevenson,2022,2.0,Elementary School,514.0,M,True,0.1692606955766677,0.0194552522152662,0.0875486359000206,,0.6653696298599243,0.058365786448121,0.1381322890520095,0.0544747076928615,0.10116731375455856,0.06647859513759613,0.0664785951375961,8763458.123132503,5046178.5178611,3717279.6052714023,8763458.123132503,376000.0,172000.0,234482.81,273864.0,Active,1.0,0.0564202331006526,0.0019455252913758,0.0,unresolvable,438482.81000000006,164618.81000000006,0.6010969313235769,True,292844.0,58361.19,0.248893255757213,under_0.50,True,False,False,False,False,False,False,False,False,False,False,False,True,9817.467933581907,7232.061488854869,17049.529422436775,731.5175097276265,334.63035019455253,456.1922373540856,532.8093385214008,17384.159772631327,3.408519920395223,1.962695520230529,1.9249152939872096,Q1,Q5,Q5,Q5
4504,4504,02M217,P.S./I.S. 217 Roosevelt Island,2022,2.0,K-8 School,688.0,M,True,0.3343023359775543,0.0901162773370742,0.1627907007932663,,0.3604651093482971,0.0523255765438079,0.1409883648157119,0.1468023210763931,0.28343021869659424,0.21225915849208832,0.2122591584920883,10433744.800210502,6878203.992209736,3555540.8080007657,10433744.800210502,237213.18,212098.02,246017.18,237213.18,Active,1.0,0.049418605864048,0.0029069767333567,0.0,unresolvable,271132.33999999997,33919.159999999974,0.1429901997856947,True,261550.73,15533.550000000016,0.0631401026546195,under_0.50,False,False,False,False,False,False,False,False,False,False,False,False,True,9997.389523560663,5167.937220931345,15165.32674449201,344.7865988372093,308.28200581395345,357.58311046511625,344.7865988372093,15473.608750305964,3.0836250311887015,2.0328082012866644,1.9923083928812515,Q1,Q5,Q5,Q5
4528,4528,02M343,The Peck Slip School,2022,2.0,Elementary School,374.0,M,True,0.1550802141427993,0.0909090936183929,0.1631015986204147,,0.4625668525695801,0.1283422410488128,0.1711229979991912,0.0347593575716018,0.13368983566761017,0.17777273058891296,0.1777727305889129,6851678.4971735,3706077.5806937753,3145600.916479725,6851678.4971735,272528.37,263439.75,72875.26,133322.98,Active,1.0,0.1283422410488128,0.0,0.0,unresolvable,81963.88,51359.100000000006,0.3852231625785742,True,62490.0,10385.259999999997,0.1425073474866504,under_0.50,False,False,False,False,False,False,False,False,False,False,False,False,True,9909.298344101004,8410.697637646323,18319.99598174733,728.6854812834224,704.38435828877,194.85363636363635,356.47855614973264,19024.3803400361,7.108317196929381,3.84489362874624,3.702535092858817,Q1,Q5,Q5,Q5
4541,4541,02M413,School of the Future High School,2022,2.0,Junior-Senior High School,727.0,M,True,0.1843191236257553,0.1196698769927024,0.1856946349143982,,0.4305364489555359,0.0797799155116081,0.2475928515195846,0.0220082532614469,0.38514444231987,0.39629557728767395,0.3962955772876739,11467268.56515325,8895624.289923385,2571644.2752298657,11467268.56515325,57582.74,94522.45,177529.37,116653.31,Active,1.0,0.071526825428009,0.0068775792606174,0.0013755158288404,unresolvable,140589.65999999997,23936.349999999977,0.205192205861968,True,185976.24,8446.869999999995,0.0475801271643108,under_0.05,False,False,False,False,False,False,False,False,False,False,False,False,True,12236.07192561676,3537.3373799585497,15773.409305575313,79.20596973865199,130.01712517193948,244.19445667125171,160.45847317744153,15903.42643074725,1.0625724167225827,0.8242804244354661,0.8175415891544474,Q1,Q4,Q5,Q5
4595,4595,03M243,M.S. 243 Center School,2022,3.0,Middle/Junior High School,251.0,M,True,0.0637450218200683,0.1354581713676452,0.1792828738689422,,0.5537848472595215,0.0677290856838226,0.2390438318252563,0.0079681277275085,0.21115538477897644,0.2426425665616989,0.2426425665616989,3879946.81144375,3225195.0161063382,654751.7953374111,3879946.81144375,116632.69,49450.73,247617.95,294656.27,Active,1.0,0.0517928302288055,0.0,0.015936255455017,unresolvable,314799.91000000003,20143.640000000018,0.0683631812755928,True,275967.53,28349.580000000016,0.1144891959569167,under_0.50,False,False,False,False,False,False,False,False,False,False,False,False,True,12849.3825342882,2608.5728897904823,15457.955424078682,464.67207171314743,197.01486055776897,986.5256972111554,1173.9293625498008,15654.970284636453,1.5332632523939618,1.274520822144959,1.2584812169916175,Q1,Q5,Q5,Q5
4696,4696,06M278,Paula Hedbavny School,2022,6.0,K-8 School,412.0,M,True,0.0266990289092063,0.0388349518179893,0.762135922908783,,0.1553398072719574,0.0169902890920639,0.2111650556325912,0.1504854410886764,0.6723300814628601,0.6512243747711182,0.6512243747711182,8952237.5572825,5345256.711669293,3606980.8456132063,8952237.5572825,12767.23,1294.2,58082.35,11473.03,Active,1.0,0.016990290954709,0.0,0.0,unresolvable,69555.38,58082.350000000006,5.062511821201548,True,56788.15,1294.199999999997,0.022282156283277,under_0.05,False,False,False,False,False,False,False,False,False,False,False,False,True,12973.924057449742,8754.807877701958,21728.7319351517,30.988422330097087,3.14126213592233,140.97657766990292,27.84716019417476,21731.873197287623,0.0242121205736408,0.0144567209227729,0.0144546312570717,Q2,Q4,Q2,Q4
4950,4950,11X019,P.S. 019 Judith K. Weiss,2022,11.0,K-8 School,596.0,X,True,0.0318791940808296,0.0788590610027313,0.3187919557094574,,0.5251677632331848,0.0453020259737968,0.1577181220054626,0.0771812051534652,0.5352349281311035,0.4235210120677948,0.4235210120677948,9761103.17080775,6333428.229569064,3427674.9412386864,9761103.17080775,32326.89,17071.98,32320.64,22254.88,Active,1.0,0.0335570462048053,0.0117449667304754,0.0,unresolvable,47575.55,25320.67,1.1377581006952184,True,21274.41,11046.23,0.3417701505910774,under_0.50,False,False,False,False,False,False,False,False,False,False,False,False,True,10626.55743216286,5751.132451742763,16377.689883905625,54.23974832214765,28.644261744966443,54.22926174496644,37.34040268456376,16406.334145650588,0.2695535400605874,0.1748980591769245,0.1745926999332766,Q1,Q4,Q4,Q4
4963,4963,11X106,P.S. 106 Parkchester,2022,11.0,Elementary School,901.0,X,True,0.399556040763855,0.2319644838571548,0.3163152039051056,,0.0266370698809623,0.0255272015929222,0.2230854630470276,0.1642619371414184,0.7591564655303955,0.8069866895675659,0.8069866895675659,18590687.220712,10034186.676016131,8556500.544695865,18590687.220712,162154.0,1505.97,159154.0,1505.97,Active,1.0,0.0099889012053608,0.0133185349404811,0.0022197559010237,unresolvable,319802.03,318296.06000000006,211.3561757538331,True,1651.54,157502.46,0.9896230066476494,under_1.00,True,False,False,False,False,False,False,False,False,False,False,False,True,11136.722170939103,9496.670970805622,20633.393141744727,179.97114317425084,1.6714428412874585,176.64150943396226,1.6714428412874585,20635.064584586016,0.015008391298914,0.0081006688032607,0.0081000126480631,Q3,Q5,Q2,Q1
4973,4973,11X175,P.S. 175 City Island,2022,11.0,K-8 School,242.0,X,True,0.0619834698736667,0.1033057868480682,0.4917355477809906,,0.3181818127632141,0.0247933827340602,0.2066115736961364,0.0578512400388717,0.5495867729187012,0.5343636274337769,0.5343636274337769,5274543.837375751,3274457.2677495303,2000086.5696262205,5274543.837375751,33705.1,28609.33,9255.28,7142022.0,Active,1.0,0.0206611566245555,0.0,0.0041322312317788,unresolvable,14351.049999999996,7127670.95,0.997990618063064,True,,,,,False,False,False,False,True,False,False,False,False,True,False,True,True,13530.815155989794,8264.82053564554,21795.635691635332,139.27727272727273,118.22037190082644,38.24495867768595,29512.487603305784,21913.856063536157,0.8737121196167763,0.5424038719191693,0.5394777238568284,Q1,Q5,Q5,Q5
5073,5073,13K307,P.S. 307 Daniel Hale Williams,2022,13.0,Elementary School,323.0,K,True,0.0340557284653186,0.4613003134727478,0.3343653380870819,,0.1331269294023513,0.0371516905725002,0.3281733691692352,0.0309597514569759,0.7770897746086121,0.7940965890884399,0.7940965890884399,10423203.704119,3511526.2159732976,6911677.488145703,10423203.704119,23151.34,10222.88,14543.45,11837.66,Active,1.0,0.0278637763112783,0.0092879254370927,0.0,unresolvable,27471.910000000003,15634.250000000004,1.320721324991595,True,6437.35,8106.1,0.5573711877168073,under_1.00,False,False,False,False,False,False,False,False,False,False,False,False,True,10871.598191867795,21398.382316240568,32269.98050810836,71.67597523219814,31.649783281733743,45.02616099071208,36.64910216718266,32301.630291390094,0.2911235562900817,0.0980780985404723,0.0979819996582955,Q3,Q4,Q4,Q4
5079,5079,13K430,Brooklyn Technical High School,2022,13.0,Senior High School,5958.0,K,True,0.5993621945381165,0.0562269203364849,0.064115472137928,,0.2302786111831665,0.0500168018043041,0.016951996833086,0.00050352467224,0.5793890357017517,0.5133846998214722,0.5133846998214722,65091320.51600375,60048006.7013079,5043313.81469585,65091320.51600375,347987.04,168174.03,232559.9,474174.88,Active,1.0,0.0166163146495819,0.0057066129520535,0.0276938565075397,unresolvable,412372.9099999999,61801.97000000009,0.1303358161866358,True,,,,,False,False,False,False,False,False,False,False,False,False,False,False,True,10078.550973700554,846.4776459711061,10925.02861967166,58.40668680765357,28.22659113796576,39.03321584424303,79.5862504196039,10953.255210809626,0.2800659659471045,0.2583662901087583,0.2577004789417241,Q1,Q4,Q4,Q5
5105,5105,14K147,P.S. 147 Isaac Remsen,2022,14.0,Elementary School,214.0,K,True,0.0607476644217968,0.1962616890668869,0.5794392228126526,,0.0747663527727127,0.088785070925951,0.2663551270961761,0.070093460381031,0.7663551568984985,0.8008317947387695,0.8008317947387695,6474549.828829749,2666089.9760537692,3808459.8527759793,6474549.828829749,18251.41,17627.38,17320.41,624.3,Active,1.0,0.0887850448489189,0.0,0.0,unresolvable,17944.44,17320.14,27.74329649207112,True,17320.41,0.0,0.0,exact_match,False,False,False,False,False,False,False,False,False,False,False,False,True,12458.364374083034,17796.54136811205,30254.90574219509,85.28696261682244,82.37093457943925,80.9364953271028,2.917289719626168,30337.276676774523,0.6611697338921504,0.2722564574529822,0.2715172342496399,Q3,Q5,Q5,Q2
5130,5130,15K010,"Magnet School of Math, Science and Design Technolo",2022,15.0,Elementary School,831.0,K,True,0.1046931371092796,0.0794223845005035,0.2238267213106155,,0.5294825434684753,0.0625752136111259,0.227436825633049,0.0469314083456993,0.21780987083911896,0.2917039692401886,0.2917039692401886,25849954.68747675,9317184.533287326,16532770.154189425,25849954.68747675,349067.45,330433.01,237462.16,18643.44,Active,1.0,0.0589651018381118,0.0024067389313131,0.0012033694656565,unresolvable,256096.6,237453.15999999997,12.736552910836195,True,253651.59,16189.429999999991,0.0681768834242895,under_0.50,False,False,False,False,False,False,False,False,False,False,False,False,True,11212.01508217488,19895.030269782703,31107.045351957586,420.0570998796631,397.63298435619737,285.75470517448855,22.43494584837545,31504.67833631378,3.5464899167711916,1.278273072409219,1.262139483258481,Q1,Q5,Q5,Q4
5140,5140,15K094,P.S. 094 The Henry Longfellow,2022,15.0,Elementary School,1007.0,K,True,0.6812313795089722,0.0029791460838168,0.2929493486881256,,0.0158887784928083,0.0069513472262769,0.1221449822187423,0.5263158082962036,Above 95%,0.9097604155540466,0.9097604155540466,20400523.464758743,12742600.516755756,7657922.94800299,20400523.464758743,52690.16,40463.81,2847039.0,15073.74,Active,1.0,0.0049652433954179,0.0009930486558005,0.0009930486558005,unresolvable,2859265.35,2844191.61,188.685197568752,True,801.69,2846237.31,0.9997184127087828,under_1.00,True,True,False,False,False,False,False,False,False,True,False,True,True,12654.022360234118,7604.690117182711,20258.71247741683,52.32389275074479,40.182532274081424,2827.248262164846,14.968957298907648,20298.89500969091,0.3175475048973913,0.1983469202145716,0.1979542839888469,Q5,Q4,Q4,Q4
5147,5147,15K146,"The Brooklyn New School, P.S. 146",2022,15.0,Elementary School,659.0,K,True,0.0500758737325668,0.1608497649431228,0.2215477973222732,,0.4036418795585632,0.1638846844434738,0.3171471953392029,0.0379362665116786,0.3550834655761719,0.36914458870887756,0.3691445887088775,14180437.557057496,7706584.103577271,6473853.453480225,14180437.557057496,256018.48,244929.3,666.0,145419.53,Active,1.0,0.1608497649431228,0.0030349013395607,0.0,unresolvable,11755.180000000022,133664.34999999998,0.9191636776710802,True,143502.91,142836.91,214.46983483483484,extreme_outlier,True,False,False,False,False,False,False,False,False,False,False,False,True,11694.36131043592,9823.753343672572,21518.114654108493,388.4954172989378,371.6681335356601,1.0106221547799696,220.66696509863428,21889.782787644148,3.178182404916697,1.7272337261419732,1.6979069054328435,Q1,Q5,Q5,Q5
5148,5148,15K154,The Windsor Terrace School,2022,15.0,Elementary School,423.0,K,True,0.1016548499464988,0.0520094558596611,0.130023643374443,,0.652482271194458,0.0638297796249389,0.2340425550937652,0.0283687934279441,0.14420804381370544,0.20335866510868073,0.2033586651086807,8262154.18838125,4762040.333309089,3500113.855072161,8262154.18838125,352744.88,202237.91,187739.56,300631.68,Active,1.0,0.0638297870755195,0.0,0.0,unresolvable,338246.5299999999,37614.84999999992,0.1251193819626724,True,187739.56,0.0,0.0,exact_match,False,False,False,False,False,False,False,False,False,False,False,False,True,11257.778565742528,8274.500839414093,19532.27940515662,833.9122458628842,478.10380614657214,443.8287470449173,710.7131914893616,20010.383211303193,4.246875201484636,2.4477624768174793,2.389278611498592,Q1,Q5,Q5,Q5
5152,5152,15K261,P.S. 261 Zipporiah Mills,2022,15.0,Elementary School,616.0,K,True,0.0616883113980293,0.1915584355592727,0.1818181872367859,,0.4675324559211731,0.0974026098847389,0.2191558480262756,0.0405844151973724,0.3295454680919647,0.3416801989078522,0.3416801989078522,11656773.10987975,6786617.875880692,4870155.233999059,11656773.10987975,0.0,0.0,0.0,18926.23,Active,1.0,0.0957792177796363,0.0016233766218647,0.0,unresolvable,0.0,18926.23,1.0,True,,,,,False,False,False,False,False,False,False,False,False,False,False,False,True,11017.23681149463,7906.096159089381,18923.33297058401,0.0,0.0,0.0,30.72439935064935,18923.33297058401,0.0,0.0,0.0,Q1,Q1,Q1,Q4
5153,5153,15K295,P.S. 295,2022,15.0,Elementary School,286.0,K,True,0.0734265744686126,0.0629370659589767,0.4335664212703705,,0.3706293702125549,0.0594405680894851,0.3216783106327057,0.104895107448101,0.3916083872318268,0.4639964997768402,0.4639964997768402,9332558.41954625,3847515.977735914,5485042.441810336,9332558.41954625,8383.52,10185.98,50122.57,1802.0,Active,1.0,0.0559440553188324,0.003496503457427,0.0,unresolvable,48320.11,46518.11,25.81471143174251,True,48867.9,1254.6699999999985,0.0250320364658076,under_0.05,False,False,False,False,False,False,False,False,False,False,False,False,True,13452.853069006693,19178.470076259917,32631.323145266608,29.313006993006994,35.61531468531469,175.25374125874126,6.300699300699301,32666.93845995192,0.264741720604731,0.1091445618884777,0.1090255664116713,Q1,Q4,Q4,Q3
5338,5338,20K185,P.S. 185 Walter Kassenbrock,2022,20.0,Elementary School,562.0,K,True,0.0960854068398475,0.0177935939282178,0.2188612073659896,,0.6298932433128357,0.0373665485531091,0.1868327409029007,0.0836298912763595,0.44483986496925354,0.45390745997428894,0.4539074599742889,10064803.87836375,6398609.435942811,3666194.44242094,10064803.87836375,106181.0,100357.0,70821.0,95065.0,Active,1.0,0.0320284701883792,0.0035587188322097,0.0017793594161048,unresolvable,76645.0,18420.0,0.1937621627307631,True,70821.0,0.0,0.0,exact_match,False,False,False,False,False,False,False,False,False,False,False,False,True,11385.426042602869,6523.4776555532735,17908.90369815614,188.9341637010676,178.5711743772242,126.01601423487544,169.15480427046262,18087.474872533363,1.5684189042116894,0.9971083511695328,0.9872642568167018,Q1,Q5,Q5,Q5
5339,5339,20K186,P.S. 186 Dr. Irving A Gladstone,2022,20.0,Elementary School,1006.0,K,True,0.390656054019928,0.0049701789394021,0.2842942476272583,,0.3091451227664947,0.0109343966469168,0.1540755480527877,0.3707753419876098,0.7087475061416626,0.7276925444602966,0.7276925444602966,19058859.420386996,11795739.906366693,7263119.514020305,19058859.420386996,28877.19,11602.82,18262.19,16274.37,Active,1.0,0.0069582504220306,0.0039761429652571,0.0,unresolvable,35536.56,19262.189999999995,1.1835905168679337,True,18262.19,0.0,0.0,exact_match,False,False,False,False,False,True,False,False,False,False,True,True,True,11725.387580881405,7219.800709761735,18945.18829064314,28.70496023856859,11.533618290258447,18.1532703777336,16.17730616302187,18956.721908933396,0.0983644950812914,0.0608788791819757,0.0608418393521044,Q2,Q4,Q3,Q4
5345,5345,20K205,P.S. 205 Clarion,2022,20.0,Elementary School,1156.0,K,True,0.5743944644927979,0.0103806229308247,0.2517301142215729,,0.1574394404888153,0.0060553578659892,0.1678200662136078,0.189446359872818,0.6652249097824097,0.7262482643127441,0.7262482643127441,22315182.14446775,12653838.850360325,9661343.294107426,22315182.14446775,10534.68,81572.82,26427.07,19961.86,Active,1.0,0.0034602077212184,0.0025951557327061,0.0,unresolvable,-44611.07000000001,64572.93000000001,3.2348152927633,True,27921.27,1494.2000000000007,0.0565405094094805,under_0.50,False,False,False,False,False,False,False,False,False,False,False,False,True,10946.22737920443,8357.563403207116,19303.790782411543,9.113044982698964,70.56472318339101,22.860787197231833,17.268044982698964,19374.355505594936,0.6446487976071956,0.3655485286738879,0.3642171382837136,Q2,Q3,Q5,Q4
5558,5558,25Q252,"Queens School of Inquiry, The",2022,25.0,Junior-Senior High School,578.0,Q,True,0.4307958483695984,0.1297577917575836,0.2456747442483902,,0.1678200662136078,0.02595154941082,0.1487889289855957,0.0536332167685031,0.5899654030799866,0.5749238729476929,0.5749238729476929,11454550.221746998,6052637.979388625,5401912.242358373,11454550.221746998,46017.8,183.0,2561.36,2516.16,Active,1.0,0.0069204154424369,0.0034602077212184,0.0155709339305758,unresolvable,48396.16,45880.0,18.234134554241383,True,2561.36,0.0,0.0,exact_match,False,False,False,False,False,False,True,False,False,False,True,True,True,10471.692005862673,9345.86893141587,19817.560937278544,79.61557093425606,0.3166089965397924,4.431418685121107,4.353217993079585,19817.87754627508,0.0030234750636529,0.0015976183827154,0.0015975928592782,Q1,Q5,Q2,Q2
5678,5678,28Q121,P.S. 121 Queens,2022,28.0,Elementary School,733.0,Q,True,0.5197817087173462,0.1159617975354194,0.1241473406553268,,0.0109140519052743,0.2291951011866331,0.1446111798286438,0.0450204648077487,0.7489768266677856,0.6224570274353027,0.6224570274353027,11437518.720248498,7535160.695381259,3902358.0248672394,11437518.720248498,19465.19,19182.92,14601.65,282.27,Active,1.0,0.0218281038105487,0.2073669880628585,0.0,unresolvable,14883.919999999998,14601.649999999998,51.72937258653062,True,14192.98,408.6700000000001,0.0279879328706002,under_0.05,False,False,False,False,False,False,False,False,False,False,False,False,True,10279.891808159971,5323.817223556944,15603.709031716917,26.55551159618008,26.170422919508862,19.92039563437926,0.3850886766712141,15629.879454636424,0.2545787777526541,0.167719244612377,0.1674384181622444,Q2,Q4,Q4,Q1
5695,5695,28Q287,The Emerson School,2022,28.0,Middle/Junior High School,363.0,Q,True,0.2093663960695266,0.5013774037361145,0.2424242496490478,,0.0082644624635577,0.0385674880817532,0.2231404930353164,0.1212121248245239,0.7988981008529663,0.7805978059768677,0.7805978059768677,7607877.56346275,5120639.00346701,2487238.5599957397,7607877.56346275,2600.0,16350.0,0.68,1336.5,Active,1.0,0.0055096419528126,0.0330578498542308,0.0,unresolvable,-13749.32,15085.82,11.287557052001496,True,,,,,False,False,False,False,False,False,False,False,False,False,False,False,True,14106.443535721792,6851.896859492396,20958.34039521419,7.162534435261708,45.04132231404959,0.0018732782369146,3.6818181818181817,21003.38171752824,0.3192960876353512,0.214908821331744,0.2144479537619441,Q3,Q3,Q4,Q2
5768,5768,30Q084,P.S. 084 Steinway,2022,30.0,Elementary School,280.0,Q,True,0.078571431338787,0.0178571436554193,0.3785714209079742,,0.4857142865657806,0.0392857175320386,0.1428571492433548,0.078571431338787,0.4535714387893677,0.48382309079170227,0.4838230907917022,5519587.703089248,2851177.215342241,2668410.4877470075,5519587.703089248,25072.33,10142.62,10101.21,1492971.0,Active,1.0,0.0392857156693935,0.0,0.0,unresolvable,25030.92,1467940.08,0.9832341552515086,True,2346.49,7754.719999999999,0.7677020871756948,under_1.00,False,False,False,False,True,False,False,False,False,True,False,True,True,10182.775769079431,9530.037456239312,19712.813225318743,89.54403571428573,36.22364285714286,36.07575,5332.039285714286,19749.036868175885,0.3557344645370467,0.1837568410104851,0.1834197945901583,Q1,Q5,Q4,Q5
5786,5786,30Q212,P.S. 212,2022,30.0,Elementary School,692.0,Q,True,0.2239884436130523,0.0101156067103147,0.6445086598396301,,0.0997109860181808,0.0216763038188219,0.1820809245109558,0.2138728350400924,0.6575144529342651,0.622596800327301,0.622596800327301,14018677.466275996,7774410.828763183,6244266.637512814,14018677.466275996,43577.0,25443.0,14447.0,17086.0,Active,1.0,0.0187861267477273,0.0028901733458042,0.0,unresolvable,32581.0,15495.0,0.9068828280463538,True,14107.3,339.7000000000007,0.0235135322212224,under_0.05,False,False,False,False,False,False,False,False,False,False,False,False,True,11234.697729426563,9023.506701608114,20258.20443103468,62.97254335260116,36.767341040462426,20.877167630057805,24.690751445086704,20294.971772075143,0.3272659570017562,0.1814935828376599,0.1811647803868958,Q2,Q4,Q4,Q4
5847,5847,31R047,CSI High School for International Studies,2022,31.0,Senior High School,523.0,R,True,0.2275334596633911,0.0707456991076469,0.223709374666214,,0.4550669193267822,0.0229445472359657,0.1701720803976059,0.0133843207731843,0.5697896480560303,0.47951242327690125,0.4795124232769012,8505010.68321125,5847395.110469177,2657615.572742073,8505010.68321125,10604.68,819159.0,5002.43,2413.09,Active,1.0,0.0133843207731843,0.0095602292567491,0.0,unresolvable,-803551.89,805964.98,333.9970660025113,True,,,,,False,False,False,False,False,False,False,False,False,False,False,False,True,11180.487782923858,5081.48293067318,16261.970713597037,20.276634799235183,1566.2695984703632,9.564875717017207,4.613938814531549,17828.240312067403,14.00895586024925,9.631487019963494,8.785329180301673,Q1,Q3,Q5,Q2
5860,5860,31R060,P.S. 060 Alice Austen,2022,31.0,Elementary School,709.0,R,True,0.1946403384208679,0.038081806153059,0.2820874452590942,,0.4583921134471893,0.0267982967197895,0.2750352621078491,0.0409026816487312,0.593794047832489,0.4995824992656708,0.4995824992656708,15850992.946006749,7609573.860360008,8241419.085646739,15850992.946006749,9104.73,58160.41,34476.17,32882.32,Active,1.0,0.021156558766961,0.0028208745643496,0.0028208745643496,unresolvable,-14579.51000000001,47461.83000000001,1.4433844692223663,True,34476.17,0.0,0.0,exact_match,False,False,False,False,False,False,False,False,False,False,False,False,True,10732.826319266584,11624.004352111057,22356.83067137764,12.841650211565584,82.03160789844853,48.62647390691114,46.3784485190409,22438.862279276087,0.7643057425721398,0.3669196636331355,0.3655782850194265,Q1,Q3,Q5,Q4
5913,5913,01M134,P.S. 134 Henrietta Szold,2023,1.0,Elementary School,182.0,M,True,0.0439560450613498,0.3076923191547394,0.5769230723381042,,0.0274725276976823,0.0439560357481241,0.4010989069938659,0.0549450553953647,Above 95%,Above 95%,0.95,6048375.879971414,2564649.5611336315,3483726.3188377824,6048375.879971414,156400.0,972.79,13732.61,591.21,Active,1.0,0.0219780225306749,0.0164835173636674,0.0054945056326687,unresolvable,169159.81999999998,168568.61,285.1247610832022,True,8393.57,5339.040000000001,0.3887855258395892,under_0.50,False,False,False,False,False,False,False,False,False,False,False,False,True,14091.481105129844,19141.35340020759,33232.834505337436,859.3406593406594,5.345,75.4539010989011,3.2484065934065938,33238.17950533744,0.0379307182837878,0.0160834911603509,0.0160809047894506,Q5,Q5,Q2,Q2
5916,5916,01M184,P.S. 184m Shuang Wen,2023,1.0,K-8 School,739.0,M,True,0.6779431700706482,0.0257104188203811,0.1231393739581108,,0.0784844383597374,0.0947225987911224,0.1339648216962814,0.0974289551377296,0.6048714518547058,0.6377969980239868,0.6377969980239868,11765787.918899134,7717357.940076935,4048429.978822198,11765787.918899134,66362.0,64090.0,163921.67,2272.0,Active,1.0,0.0893098786473274,0.0027063598390668,0.0027063598390668,unresolvable,166193.67,163921.67,72.14862235915494,True,163991.0,69.3299999999872,0.00042294591069,under_0.01,False,False,False,False,False,False,False,False,False,False,False,False,True,10442.974208493824,5478.254369177535,15921.228577671358,89.79972936400542,86.7253044654939,221.8155209742896,3.074424898511502,16007.953882136851,0.8304655621475693,0.5447149008784495,0.5417638325549524,Q2,Q4,Q5,Q2
5956,5956,02M158,P.S. 158 Bayard Taylor,2023,2.0,Elementary School,642.0,M,True,0.1292834877967834,0.0218068528920412,0.1137071624398231,,0.6604361534118652,0.0747663434594869,0.1713395565748214,0.0514018684625625,0.13239875435829163,0.16096261143684387,0.1609626114368438,10106482.35481256,6005510.611299279,4100971.74351328,10106482.35481256,1287056.0,1317518.0,0.0,0.0,Active,1.0,0.0732087194919586,0.0015576323494315,0.0,unresolvable,-30462.0,30462.0,inf,True,184720.0,184720.0,18472000.0,extreme_outlier,True,False,False,False,False,False,False,False,False,False,False,False,True,9354.37789922006,6387.806454070529,15742.18435329059,2004.760124610592,2052.208722741433,0.0,0.0,17794.39307603202,21.93848425679424,13.036365708120169,11.53289530006862,Q1,Q5,Q5,Q1
5977,5977,02M297,M.S. 297,2023,2.0,Middle/Junior High School,480.0,M,True,0.0666666701436042,0.1375000029802322,0.4208333194255829,,0.3083333373069763,0.0666666701436042,0.2229166626930236,0.1729166656732559,0.5916666388511658,0.5692791938781738,0.5692791938781738,9391425.168567616,6570911.143227308,2820514.0253403066,9391425.168567616,117412.22,113012.42,360401.83,113012.42,Active,1.0,0.0562499985098838,0.0041666668839752,0.0062500000931322,unresolvable,364801.63000000006,251789.21000000008,2.2279782169074873,True,360401.83,0.0,0.0,exact_match,False,False,False,False,False,False,False,False,False,False,False,False,True,13689.398215056892,5876.070886125639,19565.46910118253,244.60879166666663,235.44254166666667,750.8371458333334,235.44254166666667,19800.9116428492,1.719889639909114,1.2033575093399451,1.1890489989216897,Q1,Q5,Q5,Q5
6068,6068,03M479,Beacon High School,2023,3.0,Senior High School,1456.0,M,True,0.131181314587593,0.1366758197546005,0.2740384638309479,,0.3454670310020447,0.1126373708248138,0.2081044018268585,0.0054945056326687,0.42101648449897766,0.4600585699081421,0.4600585699081421,17563743.963588946,14914064.28092876,2649679.682660185,17563743.963588946,287694.0,459507.0,390915.07,207086.65,Active,1.0,0.0329670347273349,0.0061813187785446,0.0734890103340148,unresolvable,219102.0700000001,12015.420000000073,0.0580212196199034,True,371971.85,18943.22000000003,0.0484586588079094,under_0.05,False,False,False,False,False,False,False,False,False,False,False,False,True,10243.1760171214,1819.8349468819952,12063.010964003395,197.59203296703296,315.595467032967,268.485625,142.22984203296704,12378.606431036362,3.081031376454444,2.6162246554754782,2.549523395797508,Q1,Q5,Q5,Q5
6598,6598,15K094,P.S. 094 The Henry Longfellow,2023,15.0,Elementary School,974.0,K,True,0.673511266708374,0.0020533881615847,0.3018480539321899,,0.0154004106298089,0.0071868805680423,0.1375769972801208,0.4866529703140259,Above 95%,0.9120359420776367,0.9120359420776368,19179437.6901012,12200499.861558598,6978937.828542601,19179437.6901012,29859.0,44165.87,10126.04,15072.98,Active,1.0,0.0051334700547158,0.0010266940807923,0.0010266940807923,unresolvable,-4180.830000000002,19253.81,1.2773724903768202,True,15073.74,4947.699999999999,0.4886115401479747,under_0.50,False,False,False,False,False,False,False,False,False,False,False,False,True,12526.180556014988,7165.23391020801,19691.414466222996,30.65605749486653,45.34483572895277,10.39634496919918,15.475338809034907,19736.759301951948,0.3620004958908124,0.2302771891106833,0.2297481315712666,Q4,Q3,Q4,Q4
6605,6605,15K146,"The Brooklyn New School, P.S. 146",2023,15.0,Elementary School,655.0,K,True,0.0503816790878772,0.1511450409889221,0.2167938947677612,,0.4167938828468323,0.1648855023086071,0.3175572454929352,0.0396946556866169,0.3786259591579437,0.39089739322662354,0.3908973932266235,13760388.902649606,7596093.866169451,6164295.036480155,13760388.902649606,177713.47,215445.97,145419.53,147024.46,Active,1.0,0.1633587777614593,0.0015267175622284,0.0,unresolvable,107687.03,39337.42999999999,0.2675570445897233,True,145419.53,0.0,0.0,exact_match,False,False,False,False,False,False,False,False,False,False,False,False,True,11597.089872014429,9411.137460275046,21008.227332289473,271.3182748091603,328.92514503816795,222.0145496183206,224.4648244274809,21337.152477327643,2.8362731397979,1.5656968093286607,1.5415606435192142,Q1,Q5,Q5,Q5
6796,6796,20K180,The SEEALL Academy,2023,20.0,K-8 School,906.0,K,True,0.3918322324752807,0.0088300220668315,0.3576158881187439,,0.2273730635643005,0.0143487937748432,0.1876379698514938,0.2671081721782684,0.9083884954452515,0.8521546721458435,0.8521546721458435,17615652.012277294,11444381.90942175,6171270.102855545,17615652.012277294,89120.32,85658.6,23588.54,3461.72,Active,1.0,0.0088300220668315,0.0044150110334157,0.0011037527583539,unresolvable,27050.26000000001,23588.540000000008,6.814109748910949,True,13942.67,9645.87,0.4089218747747847,under_0.50,False,False,False,False,False,False,False,False,False,False,False,False,True,12631.768111944535,6811.556404917819,19443.32451686235,98.3667991169978,94.54591611479027,26.03591611479029,3.820883002207505,19537.870432977143,0.7484772937320482,0.4862641470227723,0.4839110610295082,Q3,Q4,Q5,Q2
6881,6881,22K217,P.S. 217 Colonel David Marcus School,2023,22.0,Elementary School,884.0,K,True,0.5622171759605408,0.0576923079788684,0.1549773812294006,,0.1934389173984527,0.0316742174327373,0.1312217265367508,0.2895927727222442,0.7805429697036743,0.7954264879226685,0.7954264879226685,16190358.95560524,9429304.668068564,6761054.287536673,16190358.95560524,48820.81,22523.6,31558.31,22297.51,Active,1.0,0.0158371049910783,0.0158371049910783,0.0,unresolvable,57855.52,35558.009999999995,1.594707660182684,True,31558.31,0.0,0.0,exact_match,False,False,False,False,False,False,False,False,False,False,False,False,True,10666.634239896568,7648.251456489449,18314.885696386016,55.22716063348416,25.47918552036199,35.69944570135747,25.223427601809952,18340.36488190638,0.2388680904147047,0.1391173602868276,0.1389240927561827,Q3,Q4,Q4,Q4
6896,6896,22K381,I. S. 381,2023,22.0,Middle/Junior High School,292.0,K,True,0.0924657508730888,0.5650684833526611,0.2054794579744339,,0.0753424689173698,0.0616438388824462,0.2157534211874008,0.0993150696158409,0.7191780805587769,0.723407506942749,0.723407506942749,6228053.952279832,4081089.903801397,2146964.0484784357,6228053.952279832,13284.9,1251.2,1373.78,770.0,Active,1.0,0.0376712344586849,0.0136986300349235,0.0102739725261926,unresolvable,13407.48,12637.48,16.41231168831169,True,1373.73,0.0499999999999545,3.639592947921394e-05,under_0.01,False,False,False,False,False,False,False,False,False,False,False,False,True,13976.335286991083,7352.616604378204,21328.95189136929,45.49623287671233,4.284931506849315,4.70472602739726,2.636986301369863,21333.236822876137,0.0306584767670653,0.0200897424715145,0.0200857073046434,Q2,Q4,Q2,Q2
6946,6946,24Q087,P.S./I.S. 087 Middle Village,2023,24.0,K-8 School,516.0,Q,True,0.0639534890651702,0.0058139534667134,0.6162790656089783,,0.2810077667236328,0.0329457251355052,0.25,0.1162790730595588,0.6705426573753357,0.6278837323188782,0.6278837323188782,11237231.549437717,6021856.589501739,5215374.959935978,11237231.549437717,52534.94,29155.78,4430494.0,23379.16,Active,1.0,0.0193798448890447,0.0077519379556179,0.0058139534667134,unresolvable,4453873.16,4430494.0,189.5061242576722,True,44443.94,4386050.06,0.9899686265233628,under_1.00,True,True,False,False,False,True,False,False,False,True,True,True,True,11670.264708336705,10107.315813829417,21777.58052216612,101.8118992248062,56.503449612403095,8586.228682170542,45.3084496124031,21834.08397177852,0.4841659638794621,0.2594569656390045,0.2587855285590923,Q2,Q4,Q4,Q4
6949,6949,24Q091,P.S. 091 Richard Arkwright,2023,24.0,Elementary School,815.0,Q,True,0.0564417168498039,0.0319018401205539,0.5484662652015686,,0.349693238735199,0.0134969390928745,0.1742331236600875,0.1177914142608642,0.7202454209327698,0.610906720161438,0.610906720161438,16598662.283468796,7641087.587981414,8957574.695487382,16598662.283468796,86481.58,6434385.0,26636.32,22137.73,Active,1.0,0.003680981695652,0.0098159508779644,0.0,unresolvable,-6321267.1,6343404.83,286.54269566030484,True,26171.38,464.9399999999987,0.0174551139196405,under_0.05,False,False,False,False,False,False,False,False,False,False,False,False,True,9375.567592615233,10990.889196917033,20366.456789532265,106.11236809815952,7894.950920245399,32.68260122699387,27.16285889570552,28261.407709777664,84.20771161059031,38.76447927016525,27.935448231455094,Q1,Q5,Q5,Q4
6991,6991,25Q032,P.S. 032 State Street,2023,25.0,Elementary School,861.0,Q,True,0.6492450833320618,0.0046457606367766,0.2392566800117492,,0.0673635303974151,0.0394889456219971,0.1660859435796737,0.1637630611658096,0.6631823182106018,0.6081161499023438,0.6081161499023438,14086853.803993223,9521596.096458184,4565257.70753504,14086853.803993223,109181.38,71698.88,45696.28,35482.5,Active,1.0,0.0313588865101337,0.0069686411879956,0.0011614401591941,unresolvable,83178.78,47696.28,1.3442198266751215,True,45476.28,220.0,0.0048143962703309,under_0.01,False,False,False,False,False,False,False,False,False,False,False,False,True,11058.764339672687,5302.2737602032985,16361.038099875985,126.80764227642275,83.27396051103369,53.07349593495935,41.210801393728225,16444.31206038702,0.7530132477124329,0.5089772421694005,0.5063997825219684,Q1,Q5,Q5,Q4
7002,7002,25Q184,P.S. 184 Flushing Manor,2023,25.0,Elementary School,481.0,Q,True,0.5945945978164673,0.0020790020935237,0.1288981288671493,,0.2619542479515075,0.012474023271352,0.1767151802778244,0.147609144449234,0.5197505354881287,0.42455509305000305,0.424555093050003,8181792.764496506,5265876.609408164,2915916.155088342,8181792.764496506,72374.55,50611.88,20567.81,20567.81,Active,1.0,0.0062370062805712,0.0041580041870474,0.0020790020935237,unresolvable,42330.48,21762.67,1.0580936910638516,True,20567.81,0.0,0.0,exact_match,False,False,False,False,False,False,False,False,False,False,False,False,True,10947.768418727992,6062.195748624411,17009.964167352402,150.46683991683992,105.22220374220372,42.760519750519755,42.760519750519755,17115.186371094605,0.961129243126878,0.6185915661372116,0.6147885361032982,Q1,Q5,Q5,Q4
7009,7009,25Q209,P.S. 209 Clearview Gardens,2023,25.0,Elementary School,499.0,Q,True,0.5711422562599182,0.0040080160833895,0.1783567070960998,,0.2304609268903732,0.0160320936702191,0.1583166271448135,0.086172342300415,0.4088176488876343,0.37158718705177307,0.371587187051773,8616017.5082806,5376082.149868458,3239935.358412142,8616017.5082806,79916.04,96082.55,103621.07,7538.52,Active,1.0,0.0120240477845072,0.0,0.0040080160833895,unresolvable,87454.55999999998,79916.03999999998,10.601025134907111,True,8194.97,95426.1,0.9209140573437428,under_1.00,True,False,False,False,False,False,False,False,False,False,False,False,True,10773.711723183282,6492.856429683651,17266.568152866934,160.15238476953903,192.5502004008016,207.65745490981965,15.107254509018038,17459.118353267735,1.7872225037028306,1.1151619632580587,1.1028632517675954,Q1,Q5,Q5,Q4
7037,7037,26Q098,P.S. 098 The Douglaston School,2023,26.0,Elementary School,238.0,Q,True,0.3529411852359772,0.0378151275217533,0.2142857164144516,,0.3403361439704895,0.0546218268573284,0.1974789947271347,0.0420168079435825,0.27731093764305115,0.28654852509498596,0.2865485250949859,5263151.42072995,2799170.8797274446,2463980.5410025055,5263151.42072995,91023.15,78098.76,88087.44,114438.63,Active,1.0,0.0462184883654117,0.008403361774981,0.0,unresolvable,101011.83,13426.800000000005,0.1173275143192469,True,87932.14,155.3000000000029,0.0017630209255712,under_0.01,False,False,False,False,False,False,False,False,False,False,False,False,True,11761.22218372876,10352.859415976916,22114.08159970567,382.4502100840336,328.146050420168,370.11529411764707,480.8345798319328,22442.22765012584,2.7900676077197715,1.483878265261242,1.4621812751210015,Q1,Q5,Q5,Q5
7070,7070,27Q060,P.S. 060 Woodhaven,2023,27.0,Elementary School,985.0,Q,True,0.2030456811189651,0.0385786816477775,0.7086294293403625,,0.0243654828518629,0.0253807250410318,0.1512690335512161,0.2213197946548462,0.7989847660064697,0.7185020446777344,0.7185020446777344,16697475.284665693,9712783.808470435,6984691.476195257,16697475.284665693,28.32,26660.07,95.25,1659.84,Active,1.0,0.0050761420279741,0.0192893408238887,0.0010152284521609,unresolvable,-26536.5,28196.34,16.987384326200118,True,95.25,0.0,0.0,exact_match,False,False,False,False,False,False,False,False,False,False,False,False,True,9860.694221797396,7091.0573362388395,16951.751558036238,0.0287512690355329,27.066060913705584,0.0967005076142132,1.6851167512690357,16978.81761894994,0.2744843345195224,0.1596652760102215,0.1594107523924242,Q2,Q1,Q4,Q1
7168,7168,28Q620,Thomas A. Edison Career and Technical Education Hi,2023,28.0,Senior High School,2200.0,Q,True,0.4872727394104004,0.1486363708972931,0.2359090894460678,,0.0331818163394928,0.0949999839067459,0.1395454555749893,0.0299999993294477,0.7354545593261719,0.6566511988639832,0.6566511988639832,31471757.973193444,25248649.515620463,6223108.457572978,31471757.973193444,1164.86,1781.35,21412.88,1796.39,Active,1.0,0.0077272728085517,0.0445454530417919,0.0427272729575634,unresolvable,20796.390000000003,19000.000000000004,10.57676785107911,True,2412.88,19000.0,0.8873164189030154,under_1.00,False,False,False,False,False,True,False,False,False,False,True,True,True,11476.658870736575,2828.685662533172,14305.344533269748,0.5294818181818182,0.8097045454545454,9.733127272727272,0.8165409090909092,14306.154237815204,0.0070552288307457,0.0056601541023456,0.0056598337470336,Q2,Q1,Q2,Q1
7297,7297,31R032,P.S. 032 The Gifford School,2023,31.0,Elementary School,661.0,R,True,0.1921331286430359,0.0105900149792432,0.1664145290851593,,0.6111951470375061,0.0196671802550554,0.269288957118988,0.059001512825489,0.43419063091278076,0.40727534890174866,0.4072753489017486,12195949.080281105,6678587.196227519,5517361.884053586,12195949.080281105,6430.91,64123.99,1663.07,15922.99,Active,1.0,0.0181543119251728,0.0015128592494875,0.0,unresolvable,-56030.009999999995,71953.0,4.518812107525031,True,6430.91,4767.84,2.866890750239016,under_5.00,False,False,False,False,False,False,False,False,False,False,False,False,True,10103.762777953889,8346.99226029287,18450.755038246756,9.729062027231468,97.01057488653557,2.5159909228441752,24.089243570347957,18547.76561313329,0.960143037979967,0.5257810571190249,0.52303105888854,Q1,Q2,Q5,Q4
7376,7376,01M134,P.S. 134 Henrietta Szold,2024,1.0,Elementary School,199.0,M,True,0.0502512566745281,0.2814070284366607,0.6180904507637024,,0.025125628337264,0.0251256357878446,0.3417085409164428,0.2412060350179672,Above 95%,Above 95%,0.95,6561496.96852752,3002854.422050449,3558642.546477071,6561496.96852752,1484.0,874.5,10582.38,609.5,Active,1.0,0.0150753771886229,0.0050251255743205,0.0050251255743205,unresolvable,11191.88,10582.38,17.362395406070547,True,591.21,9991.169999999998,0.9441326053307478,under_1.00,False,False,False,False,False,False,False,False,False,False,False,False,True,15089.720713821353,17882.625861693825,32972.34657551518,7.457286432160804,4.394472361809045,53.177788944723616,3.062814070351759,32976.74104787699,0.0291222908969014,0.0133277513377598,0.0133259752849105,Q5,Q2,Q2,Q2
7418,7418,02M151,Yorkville Community School,2024,2.0,Elementary School,343.0,M,True,0.0670553967356681,0.1311953365802765,0.2361516058444976,,0.4606414139270782,0.1049562469124794,0.2740524709224701,0.0408163256943225,0.3206997215747833,0.3812192976474762,0.3812192976474762,7577802.545411698,3993234.4575958457,3584568.087815852,7577802.545411698,152116.55,2541383.08,215406.12,113384.59,Active,1.0,0.0962099134922027,0.0029154520016163,0.0058309040032327,unresolvable,-2173860.41,2287245.0,20.17245024213608,True,,,,,False,False,False,False,False,False,False,False,False,False,False,False,True,11642.082966751736,10450.635824536012,22092.71879128775,443.48848396501455,7409.280116618076,628.0061807580175,330.56731778425655,29501.998907905825,63.64222053543175,33.537203757556185,25.114502036784252,Q1,Q5,Q5,Q5
7428,7428,02M255,M.S. 255 Salk School of Science,2024,2.0,Middle/Junior High School,369.0,M,True,0.3170731663703918,0.0243902429938316,0.105691060423851,,0.4634146392345428,0.0894308909773826,0.211382120847702,0.0108401086181402,0.23577235639095306,0.22812466323375702,0.228124663233757,5855874.293443624,4679581.120992372,1176293.172451252,5855874.293443624,123194.0,192939.0,475283.0,356758.0,Active,1.0,0.0840108394622802,0.0054200543090701,0.0,unresolvable,405538.0,48780.0,0.1367313416938092,True,425730.0,49553.0,0.1042599882596263,under_0.50,False,False,False,False,False,False,False,False,False,False,False,False,True,12681.791655805886,3187.7863752066455,15869.57803101253,333.8590785907859,522.869918699187,1288.029810298103,966.8238482384824,16392.447949711717,4.122997230125685,3.2947940876398096,3.1897000393305035,Q1,Q5,Q5,Q5
7448,7448,02M340,Sixth Avenue Elementary School,2024,2.0,Elementary School,323.0,M,True,0.0959752351045608,0.0495356023311615,0.2198142409324646,,0.4767801761627197,0.1578947454690933,0.198142409324646,0.1021671816706657,0.2414860725402832,0.29092878103256226,0.2909287810325622,6245603.962240479,3302298.5790105676,2943305.3832299113,6245603.962240479,221806.0,202969.0,30790.0,63912.0,Active,1.0,0.1578947305679321,0.0,0.0,unresolvable,49627.0,14285.0,0.223510451871323,True,58326.22,27536.22,0.8943234816498864,under_1.00,False,False,False,False,False,False,False,False,False,False,False,False,True,10223.83460993984,9112.400567275266,19336.235177215105,686.7058823529412,628.3869969040247,95.3250773993808,197.86996904024767,19964.62217411913,6.146294623086851,3.2497897917816285,3.147502574421998,Q1,Q5,Q5,Q5
7501,7501,03M054,J.H.S. 054 Booker T. Washington,2024,3.0,Middle/Junior High School,708.0,M,True,0.1186440661549568,0.0861581936478614,0.2358757108449936,,0.443502813577652,0.1158192157745361,0.1581920832395553,0.0183615814894437,0.25847458839416504,0.29617515206336975,0.2961751520633697,11479167.218117291,8112283.239480566,3366883.978636725,11479167.218117291,1209.14,68079.0,934317.0,1141.06,Active,1.0,0.0988700538873672,0.0014124293811619,0.0155367227271199,unresolvable,867447.14,866306.08,759.2116803673777,True,,,,,False,True,False,False,False,False,False,False,False,True,False,True,True,11458.02717440758,4755.485845532097,16213.513019939675,1.7078248587570624,96.15677966101696,1319.656779661017,1.6116666666666666,16309.669799600691,0.8392088637718613,0.593065670239149,0.5895691380788783,Q1,Q1,Q5,Q1
7505,7505,03M087,P.S. 087 William Sherman,2024,3.0,Elementary School,730.0,M,True,0.0863013714551925,0.0260273981839418,0.1917808204889297,,0.5931506752967834,0.1027397345751524,0.1739726066589355,0.0767123252153396,0.15342465043067932,0.17491209506988525,0.1749120950698852,12401643.362104146,7924348.880500001,4477294.481604145,12401643.362104146,638161.63,732473.5,495891.16,901576.29,Active,1.0,0.0986301377415657,0.0041095889173448,0.0,unresolvable,401579.29,499997.0,0.5545809107291408,True,1004101.98,508210.82,1.024843475733667,under_2.00,True,False,False,False,False,False,False,False,False,False,False,False,True,10855.272439041097,6133.2801117865,16988.552550827597,874.1940136986301,1003.3883561643836,679.3029589041096,1235.03601369863,17991.940906991982,9.243327256860796,5.906261602702012,5.5768766769039875,Q1,Q5,Q5,Q5
7603,7603,06M103,Dos Puentes Elementary School,2024,6.0,Elementary School,440.0,M,True,0.0113636367022991,0.0204545445740222,0.7409090995788574,,0.1840909123420715,0.0431818068027496,0.2227272689342498,0.4045454561710357,0.6772727370262146,0.6815500259399414,0.6815500259399414,8602116.54286249,5935988.401202584,2666128.141659906,8602116.54286249,0.0,0.0,45000.0,0.0,Active,1.0,0.0431818179786205,0.0,0.0,unresolvable,45000.0,45000.0,inf,True,77165.26,32165.259999999995,0.7147835555555554,under_1.00,False,False,False,False,False,False,False,False,False,False,False,False,True,13490.882730005873,6059.38214013615,19550.264870142026,0.0,0.0,102.27272727272728,0.0,19550.264870142026,0.0,0.0,0.0,Q2,Q1,Q1,Q1
7630,7630,06M368,The William Lynch School,2024,6.0,Elementary School,247.0,M,True,0.0080971661955118,0.2226720601320266,0.5060728788375854,,0.2307692319154739,0.0323886629194021,0.2550607323646545,0.1376518160104751,0.6720647811889648,0.7068744897842407,0.7068744897842407,5719895.666269801,3022583.3756999997,2697312.290569801,5719895.666269801,14700.0,25252.0,19317.0,27300.0,Active,1.0,0.0323886647820472,0.0,0.0,unresolvable,8765.0,18535.0,0.678937728937729,True,,,,,False,False,False,False,False,False,False,False,False,False,False,False,True,12237.179658704452,10920.292674371663,23157.472333076115,59.51417004048583,102.23481781376518,78.20647773279352,110.52631578947368,23259.70715088988,0.8354442826296526,0.4414765840732189,0.4395361349588351,Q2,Q4,Q5,Q5
7866,7866,10X445,The Bronx High School of Science,2024,10.0,Senior High School,2979.0,X,True,0.616985559463501,0.0540449805557727,0.0939912721514701,,0.1993957757949829,0.0355824120342731,0.0184625722467899,0.0,0.5119167566299438,0.46034809947013855,0.4603480994701385,33455941.680592712,30001848.57515418,3454093.1054385304,33455941.680592712,1330238.25,359368.41,857277.75,70869.84,Active,1.0,0.0275260154157876,0.0080563947558403,0.0,unresolvable,1828147.59,1757277.75,24.795847570701444,True,818601.51,38676.23999999999,0.0451151799985477,under_0.05,False,True,False,False,False,False,False,False,False,True,False,True,True,10071.11398964558,1159.4807336148135,11230.594723260394,446.53851963746223,120.6339073514602,287.77366565961734,23.78980866062437,11351.228630611851,1.1978208912687078,1.0741542217849578,1.0627387684372438,Q1,Q5,Q5,Q4
7878,7878,11X068,P.S. 068 Bronx,2024,11.0,Elementary School,497.0,X,True,0.0120724346488714,0.6418511271476746,0.2857142984867096,,0.0281690135598182,0.0321931261569261,0.3299798667430877,0.0402414500713348,0.7947686314582825,0.788987934589386,0.788987934589386,15620835.596127313,6119237.7793,9501597.816827312,15620835.596127313,22471.79,19071.84,17901.64,3399.95,Active,1.0,0.0160965789109468,0.0160965789109468,0.0,unresolvable,21301.59,17901.64,5.265265665671554,True,801.72,17099.92,0.9552152763657408,under_1.00,False,False,False,False,False,False,False,False,False,False,False,False,True,12312.349656539234,19117.903051966423,31430.25270850566,45.21486921529175,38.373923541247486,36.01939637826962,6.840945674044265,31468.626632046904,0.3116701897827166,0.1220923162697407,0.1219434327082084,Q2,Q4,Q4,Q3
7999,7999,13K307,P.S. 307 Daniel Hale Williams,2024,13.0,Elementary School,283.0,K,True,0.0353356897830963,0.4487632513046264,0.3321554660797119,,0.113074205815792,0.0706713870167732,0.3745582997798919,0.0388692580163478,0.8197879791259766,0.8151893019676208,0.8151893019676208,9961697.928518591,3087122.3105,6874575.618018592,9961697.928518591,40040.55,24501.99,33765.55,37061.7,Active,1.0,0.045936394482851,0.0247349832206964,0.0,unresolvable,49304.11,12242.410000000003,0.330325106511574,True,21850.74,11914.81,0.3528688263629646,under_0.50,False,False,False,False,False,False,False,False,False,False,False,False,True,10908.55940106007,24291.7866361081,35200.346037168165,141.48604240282685,86.57946996466431,119.31289752650176,130.96007067137808,35286.92550713284,0.7936838108637032,0.2459619853544756,0.2453584967246957,Q3,Q5,Q4,Q5
8057,8057,15K010,"Magnet School of Math, Science and Design Technolo",2024,15.0,Elementary School,813.0,K,True,0.1057810559868812,0.0676506757736206,0.2177121788263321,,0.4993849992752075,0.1094710901379585,0.2238622456789016,0.0442804433405399,0.2287822812795639,0.26736530661582947,0.2673653066158294,15578540.777211225,9196185.488574833,6382355.288636392,15578540.777211225,415927.45,288118.38,390639.35,491946.78,Active,1.0,0.1094710975885391,0.0,0.0,unresolvable,518448.42,26501.640000000018,0.0538709492112134,True,229018.49,161620.86,0.413734202660331,under_0.50,True,False,False,False,False,False,False,False,False,False,False,False,True,11311.421265159695,7850.37550877785,19161.796773937545,511.5958794587946,354.3891512915129,480.4912054120541,605.1005904059041,19516.18592522906,3.1330205372428908,1.8494567887992983,1.815873002282609,Q1,Q5,Q5,Q5
8075,8075,15K154,The Windsor Terrace School,2024,15.0,Elementary School,426.0,K,True,0.0774647891521453,0.0422535203397274,0.1361502408981323,,0.67136150598526,0.0727699436247348,0.2183098644018173,0.0281690135598182,0.13849765062332153,0.16981840133666992,0.1698184013366699,8070624.295570747,4800625.451099999,3269998.8444707477,8070624.295570747,117289.7,85444.32,28603.12,313448.5,Active,1.0,0.0727699548006057,0.0,0.0,unresolvable,60448.5,253000.0,0.8071501379014415,True,296767.9,268164.78,9.375368141657274,extreme_outlier,True,False,False,False,False,False,False,False,False,False,False,False,True,11269.073828873235,7676.053625518187,18945.127454391422,275.32793427230047,200.57352112676057,67.14347417840375,735.7946009389672,19145.700975518183,1.7798580803762054,1.0587076894025764,1.0476164930353613,Q1,Q5,Q5,Q5
8099,8099,15K839,M.S. 839,2024,15.0,Middle/Junior High School,306.0,K,True,0.1437908560037613,0.0555555559694767,0.2875817120075226,,0.4411764740943908,0.0718954019248485,0.3039215803146362,0.0490196086466312,0.44117647409439087,0.44420260190963745,0.4442026019096374,6791021.221642082,4685874.803005517,2105146.418636564,6791021.221642082,85790.65,82478.22,61746.53,3312.43,Active,1.0,0.0718954280018806,0.0,0.0,unresolvable,65058.95999999999,61746.52999999999,18.64085580676422,True,61746.53,0.0,0.0,exact_match,False,False,False,False,False,False,False,False,False,False,False,False,True,15313.316349691231,6879.563459596615,22192.87980928785,280.3616013071895,269.5366666666667,201.786045751634,10.824934640522876,22462.416475954516,1.7601456177851469,1.2145186608628595,1.199945103658813,Q1,Q5,Q5,Q3
8183,8183,18K276,P.S. 276 Louis Marshall,2024,18.0,Elementary School,550.0,K,True,0.0381818190217018,0.7454545497894287,0.0618181824684143,,0.1254545450210571,0.029090903699398,0.1836363673210144,0.1909090876579284,0.8600000143051147,0.8062054514884949,0.8062054514884949,12722114.58838335,5552322.5772,7169792.01118335,12722114.58838335,11448.52,60736.48,10486.77,5372.04,Active,1.0,0.0018181818304583,0.0272727273404598,0.0,unresolvable,-38801.19,44173.23,8.22280362767217,True,6496.17,3990.6,0.3805366189970792,under_0.50,False,False,False,False,False,False,False,False,False,False,False,False,True,10095.131958545457,13035.985474878818,23131.117433424275,20.81549090909091,110.42996363636364,19.066854545454547,9.767345454545454,23241.54739706064,1.0938932159562855,0.4774086853097432,0.4751403241349142,Q3,Q3,Q5,Q3
8287,8287,20K505,Franklin Delano Roosevelt High School,2024,20.0,Senior High School,3431.0,K,True,0.3500437140464782,0.0731565132737159,0.3955115079879761,,0.1640921086072921,0.0171961560845375,0.1696298420429229,0.2964150309562683,0.8131740093231201,0.8730810284614563,0.8730810284614563,57056339.79069597,40341172.7479337,16715167.042762272,57056339.79069597,19347.0,17518.0,13004.92,1829.0,Active,1.0,0.0043719033710658,0.0067035849206149,0.0061206645332276,unresolvable,14833.919999999998,13004.919999999998,7.110399125205029,True,1610.0,11394.92,0.8762006994276013,under_1.00,False,False,False,False,False,False,False,False,False,False,False,False,True,11757.84690991947,4871.806191420073,16629.653101339543,5.638880792771786,5.1058000582920435,3.7904167881084234,0.5330807344797435,16634.758901397836,0.0434246175971601,0.0307029859683649,0.0306935621282914,Q3,Q2,Q2,Q1
8297,8297,21K095,P.S. 095 The Gravesend,2024,21.0,K-8 School,936.0,K,True,0.3311965763568878,0.0448717959225177,0.3205128312110901,,0.2777777910232544,0.0256410054862499,0.1709401756525039,0.1613247841596603,0.8440170884132385,0.7901389002799988,0.7901389002799988,16808651.169950932,11331292.478112848,5477358.691838086,16808651.169950932,95059.76,80751.27,16694.22,15308.49,Active,1.0,0.0085470089688897,0.0170940179377794,0.0,unresolvable,31002.709999999992,15694.219999999992,1.0251971291747255,True,16693.44,0.7800000000024738,4.672275793672743e-05,under_0.01,False,False,False,False,False,False,False,False,False,False,False,False,True,12106.08170738552,5851.878944271459,17957.96065165698,101.55957264957264,86.27272435897436,17.83570512820513,16.355224358974358,18044.233376015953,0.7126395347748415,0.4804149314750502,0.4781179813028045,Q2,Q4,Q4,Q4
8299,8299,21K097,P.S. 97 The Highlawn,2024,21.0,Elementary School,896.0,K,True,0.5078125,0.0089285718277096,0.2098214328289032,,0.2522321343421936,0.0212053610011935,0.1584821492433548,0.3236607015132904,0.7779017686843872,0.7515653371810913,0.7515653371810913,18170544.37773966,10058960.141491257,8111584.236248404,18170544.37773966,89385.16,85814.47,24306.17,3570.69,Active,1.0,0.015625,0.0055803572759032,0.0,unresolvable,27876.86,24306.17,6.807135315583263,True,24306.58,0.4100000000034924,1.686814500200947e-05,under_0.01,False,False,False,False,False,False,False,False,False,False,False,False,True,11226.518015057209,9053.107406527237,20279.62542158444,99.76022321428572,95.775078125,27.127421875,3.9851450892857145,20375.400499709445,0.8531147235193027,0.4722724218715728,0.4700524935760933,Q2,Q4,Q4,Q2
8316,8316,21K228,I.S. 228 David A. Boody,2024,21.0,Middle/Junior High School,1550.0,K,True,0.2903225719928741,0.0199999995529651,0.236129030585289,,0.4341935515403747,0.0193548463284969,0.1490322649478912,0.1283870935440063,0.8045161366462708,0.7113103270530701,0.7113103270530701,26185184.65743972,18680884.616224226,7504300.041215498,26185184.65743972,41261.02,38188.75,4976.6,307227.0,Active,1.0,0.0135483872145414,0.0038709677755832,0.0019354838877916,unresolvable,8048.869999999995,299178.13,0.9738015538998852,True,5002.67,26.06999999999971,0.0052385162560783,under_0.01,False,False,False,False,False,False,False,False,False,False,False,False,True,12052.183623370463,4841.483897558386,16893.66752092885,26.62001290322581,24.63790322580645,3.210709677419355,198.2109677419355,16918.30542415466,0.2044268822624884,0.1458410566875641,0.1456286702959644,Q2,Q3,Q3,Q5
8318,8318,21K239,Mark Twain I.S. 239 for the Gifted & Talented,2024,21.0,Middle/Junior High School,1210.0,K,True,0.3421487510204315,0.110743798315525,0.1123966947197914,,0.376033067703247,0.0586776882410049,0.1297520697116851,0.0239669419825077,0.4710743725299835,0.4674032926559448,0.4674032926559448,19174068.35933686,13165955.045878837,6008113.313458025,19174068.35933686,286569.15,217532.54,22779.47,60036.61,Active,1.0,0.0520661175251007,0.0041322312317788,0.0024793387856334,unresolvable,91816.08,31779.469999999987,0.5293348508518383,True,22777.71,1.7600000000020373,7.726255264069081e-05,under_0.01,False,False,False,False,False,False,False,False,False,False,False,False,True,10880.954583370938,4965.382903684319,15846.337487055256,236.8340082644628,179.77895867768595,18.82600826446281,49.61703305785124,16026.116445732943,1.6522351720173265,1.13451426125782,1.1217874229633047,Q1,Q5,Q5,Q4
8357,8357,22K251,P.S. 251 Paerdegat,2024,22.0,Elementary School,303.0,K,True,0.0693069323897361,0.7260726094245911,0.1056105643510818,,0.0165016502141952,0.0825082436203956,0.2013201266527176,0.0924092382192611,0.8613861203193665,0.8423729538917542,0.8423729538917542,8046472.004815794,3771339.0200999994,4275132.984715794,8046472.004815794,14283.96,3442.32,4514.35,4237.66,Active,1.0,0.0099009899422526,0.0726072639226913,0.0,unresolvable,15355.989999999998,11118.329999999998,2.623695624471996,True,4514.35,0.0,0.0,exact_match,False,False,False,False,False,False,False,False,False,False,False,False,True,12446.663432673266,14109.349784540576,26556.01321721384,47.14178217821782,11.360792079207922,14.898844884488453,13.985676567656766,26567.37400929305,0.0912758036775151,0.0427804881187653,0.0427621942433377,Q3,Q4,Q3,Q3
8412,8412,24Q071,P.S. 071 Forest,2024,24.0,Elementary School,520.0,Q,True,0.0576923079788684,0.0057692308910191,0.6288461685180664,,0.2807692289352417,0.0269230636768043,0.142307698726654,0.2442307621240615,0.8211538195610046,0.7314788699150085,0.7314788699150085,12619856.189945543,5640623.322537721,6979232.867407822,12619856.189945543,28581.27,279976.21,190.68,584.06,Active,1.0,0.0076923076994717,0.0192307699471712,0.0,unresolvable,-251204.26,251788.32,431.1000924562546,True,6517.76,6327.08,33.181665617788966,extreme_outlier,False,False,False,False,False,False,False,True,False,False,True,True,True,10847.35254334177,13421.601668091966,24268.95421143374,54.96398076923077,538.4157884615385,0.3666923076923077,1.1231923076923076,24807.369999895276,4.963568634007606,2.2185372462727577,2.170386415262123,Q2,Q4,Q5,Q1
8423,8423,24Q113,P.S./I.S. 113 Anthony J. Pranzo,2024,24.0,K-8 School,796.0,Q,True,0.1155778914690017,0.0175879392772912,0.4321607947349548,,0.4082914590835571,0.0263819154351949,0.1394472420215606,0.0879397019743919,0.5376884341239929,0.4765239953994751,0.4765239953994751,12901840.70585874,8497222.0887,4404618.617158739,12901840.70585874,53911.16,51620.45,19746.16,2290.71,Active,1.0,0.0201005022972822,0.006281407084316,0.0,unresolvable,22036.87000000001,19746.16000000001,8.620104683700692,True,19746.16,0.0,0.0,exact_match,False,False,False,False,False,False,False,False,False,False,False,False,True,10674.902121482412,5533.440473817511,16208.342595299924,67.7275879396985,64.84981155778894,24.806733668341707,2.877776381909548,16273.192406857712,0.6074979500494316,0.4001014365071109,0.3985070042584912,Q1,Q4,Q4,Q2
8520,8520,26Q205,P.S. 205 Alexander Graham Bell,2024,26.0,Elementary School,237.0,Q,True,0.5063291192054749,0.0548523217439651,0.1983122378587722,,0.1518987268209457,0.0886075943708419,0.1645569652318954,0.0928270071744918,0.4219409227371216,0.4023333191871643,0.4023333191871643,5018249.3663384,2535259.541366927,2482989.8249714733,5018249.3663384,61673.14,64846.58,28617.11,413.02,Active,1.0,0.0717299580574035,0.0168776363134384,0.0,unresolvable,25443.67,25030.65,60.603965909641175,True,28634.72,17.610000000000582,0.000615366121876,under_0.01,False,False,False,False,False,False,False,False,False,False,False,False,True,10697.297642898426,10476.75031633533,21174.04795923375,260.2242194092827,273.61426160337555,120.74729957805908,1.742700421940928,21447.662220837137,2.5577886185584338,1.2922151783643974,1.2757300016481516,Q1,Q5,Q5,Q1
8540,8540,27Q060,P.S. 060 Woodhaven,2024,27.0,Elementary School,981.0,Q,True,0.1875637173652649,0.0316004082560539,0.7278287410736084,,0.0265035685151815,0.0265035647898912,0.158002033829689,0.2426095753908157,0.8093782067298889,0.7662528157234192,0.7662528157234192,17703131.765986994,9923206.655568823,7779925.110418171,17703131.765986994,28998.84,2771814.0,1659.84,1280.7,Active,1.0,0.0081549435853958,0.0183486230671405,0.0,unresolvable,-2741155.32,2742436.02,2141.357085968611,True,1659.84,0.0,0.0,exact_match,False,False,False,False,False,False,False,False,False,False,False,False,True,10115.399241150686,7930.606636511897,18046.005877662585,29.560489296636085,2825.4984709480123,1.6919877675840975,1.3055045871559634,20871.504348610593,27.93264411604771,15.657195781175188,13.53758897180837,Q2,Q3,Q5,Q1
8556,8556,27Q124,P.S. 124 Osmond A Church,2024,27.0,K-8 School,1038.0,Q,True,0.4210019409656524,0.1522157937288284,0.2235067486763,,0.0443159937858581,0.1589595228433609,0.1262042373418808,0.1493256241083145,0.8198458552360535,0.7273552417755127,0.7273552417755127,16069700.810939487,11810482.2998,4259218.511139486,16069700.810939487,14564.97,25814.57,1000.0,12417.02,Active,1.0,0.022157996892929,0.1348747611045837,0.0019267823081463,unresolvable,-10249.6,22666.620000000003,1.8254476516909857,True,,,,,False,False,False,False,False,False,False,False,False,False,False,False,True,11378.113968978809,4103.293363332838,15481.407332311644,14.031763005780348,24.86952793834297,0.9633911368015414,11.962447013487475,15506.27686024999,0.2185733769774765,0.1606412608654585,0.1603836185983204,Q2,Q3,Q3,Q3
8557,8557,27Q137,M.S. 137 America's School of Heroes,2024,27.0,Middle/Junior High School,1661.0,Q,True,0.3997591733932495,0.0445514768362045,0.4605659246444702,,0.0319084897637367,0.063214935362339,0.1661649644374847,0.1402769386768341,0.8049367666244507,0.72633957862854,0.72633957862854,27663867.361134496,21161441.89618784,6502425.464946657,27663867.361134496,47941.9,46440.33,10815.83,1501.57,Active,1.0,0.0084286574274301,0.0547862723469734,0.0,unresolvable,12317.4,10815.830000000002,7.203014178493179,True,17284.8,6468.969999999999,0.5981020411748335,under_1.00,False,False,False,False,False,False,False,False,False,False,False,False,True,12740.181755682022,3914.765481605453,16654.947237287473,28.863275135460565,27.959259482239617,6.511637567730283,0.9040156532209512,16682.906496769712,0.2194573046006192,0.16787359986133,0.1675922567069073,Q2,Q3,Q3,Q1
8563,8563,27Q207,P.S. 207 Rockwood Park,2024,27.0,K-8 School,645.0,Q,True,0.1023255810141563,0.0279069766402244,0.2527131736278534,,0.5813953280448914,0.0356589406728744,0.2186046540737152,0.0248062014579772,0.3348837196826935,0.29615968465805054,0.2961596846580505,16223220.229509007,6480437.319638016,9742782.909870991,16223220.229509007,201270.67,105779.09,58335.66,85491.58,Active,1.0,0.0325581394135952,0.0015503875911235,0.0015503875911235,unresolvable,153827.24000000002,68335.66000000002,0.7993262026506004,True,58476.91,141.25,0.0024213319948724,under_0.01,False,False,False,False,False,False,False,False,False,False,False,False,True,10047.189642849637,15105.089782745728,25152.279425595363,312.0475503875969,163.99858914728682,90.44288372093024,132.54508527131784,25316.27801474265,1.6322832053239982,0.6520227704706526,0.6477989736555432,Q1,Q5,Q5,Q5
8571,8571,27Q262,Channel View School for Research,2024,27.0,Junior-Senior High School,1198.0,Q,True,0.0484140217304229,0.4065108597278595,0.4340567588806152,,0.0751252099871635,0.0358931496739387,0.1427378952503204,0.0534223690629005,0.7604340314865112,0.777170717716217,0.777170717716217,23503988.73630633,12959023.804332968,10544964.93197336,23503988.73630633,1422.0,632.0,0.0,11472.58,Active,1.0,0.0158597659319639,0.0183639395982027,0.0016694490332156,unresolvable,790.0,10682.58,0.9311401620210972,True,10502.27,10502.27,1050227.0,extreme_outlier,False,False,False,False,False,False,False,False,False,False,False,False,True,10817.21519560348,8802.141011663907,19619.356207267385,1.1869782971619365,0.5275459098497496,0.0,9.57644407345576,19619.883753177237,0.004876910557018,0.002688905304927,0.0026888330047537,Q2,Q1,Q1,Q3
8746,8746,31R005,P.S. 005 Huguenot,2024,31.0,Elementary School,309.0,R,True,0.0647249221801757,0.0064724921248853,0.0841423943638801,,0.8220064640045166,0.0226537273265421,0.24919094145298,0.0064724921248853,0.245954692363739,0.24332039058208466,0.2433203905820846,7055334.731792949,4016107.955459914,3039226.776333035,7055334.731792949,167380.35,173547.01,43106.59,67041.51,Active,1.0,0.0161812305450439,0.0064724921248853,0.0,unresolvable,36939.92999999999,30101.58,0.4489991350135163,True,102142.58,59035.990000000005,1.369535145322328,under_2.00,True,False,False,False,False,False,False,False,False,False,False,False,True,12997.11312446574,9835.685360301084,22832.798484766827,541.6839805825243,561.6408090614887,139.5035275080906,216.96281553398055,23394.439293828316,4.32127352961372,2.4597983879908285,2.400744903553449,Q1,Q5,Q5,Q5
8748,8748,31R007,I.S. 007 Elias Bernstein,2024,31.0,Middle/Junior High School,1196.0,R,True,0.1596989929676056,0.0142140472307801,0.1254180669784546,,0.6831103563308716,0.0175585364922881,0.1714046895503997,0.0443143807351589,0.454849511384964,0.38668954372406006,0.38668954372406,19848376.019667786,14425452.252645304,5422923.767022481,19848376.019667786,19327.0,15842.75,67750.29,3484.25,Active,1.0,0.0167224071919918,0.0008361203945241,0.0,unresolvable,71234.54,67750.29,19.44472698572146,True,39835.4,27914.889999999992,0.4120261330246704,under_0.50,False,False,False,False,False,False,False,False,False,False,False,False,True,12061.414926960955,4534.217196507091,16595.632123468047,16.159698996655518,13.246446488294314,56.64739966555183,2.913252508361204,16608.87856995634,0.109824979643843,0.0798188727596726,0.0797552130476508,Q1,Q3,Q3,Q2
8862,8862,01M696,Bard High School Early College,2025,1.0,Senior High School,570.0,M,True,0.2035087645053863,0.1561403572559356,0.2403508722782135,,0.3385964930057525,0.0614035129547119,0.1596491187810897,0.0087719298899173,0.49824562668800354,0.4975719153881073,0.4975719153881073,9273488.142376935,8248666.189276477,1024822.142376937,9273488.142376935,79475.7421875,158402.015625,398652.21875,349286.90625,Active,1.0,0.0473684221506118,0.0017543860012665,0.0122807016596198,unresolvable,319725.9453125,29560.9609375,0.084632319186743,True,422203.59,23551.371250000026,0.0590774869480142,under_0.50,False,False,False,False,False,False,False,False,False,False,False,False,True,14471.34419171312,1797.9335831174333,16269.277442766555,139.43112664473685,277.8982730263158,699.3898574561404,612.7840460526315,16547.17604785687,1.9203349000948489,1.7081168724544151,1.6794302411443272,Q1,Q5,Q5,Q5
8889,8889,02M151,Yorkville Community School,2025,2.0,K-8 School,319.0,M,True,0.0877742916345596,0.0940438881516456,0.2382445186376571,,0.4952978193759918,0.0846394822001457,0.2382445186376571,0.037617553025484,0.2884012460708618,0.34540438652038574,0.3454043865203857,8010661.499535188,4013633.673224179,3997027.499535188,8010661.499535188,384821.1875,138126.359375,213452.8125,216694.828125,Active,1.0,0.0721003115177154,0.0062695923261344,0.0062695923261344,unresolvable,460147.640625,243452.8125,1.123482339687243,True,113384.59,100068.2225,0.4688072334488448,under_0.50,True,False,False,False,False,False,False,False,False,False,False,False,True,12581.923740514669,12529.866769702783,25111.791534593067,1206.336010971787,432.9979917711599,669.1310736677116,679.2941320532915,25544.788501988613,3.441429154246709,1.7242815638011249,1.6950540591625232,Q1,Q5,Q5,Q5
8899,8899,02M255,M.S. 255 Salk School of Science,2025,2.0,Middle/Junior High School,378.0,M,True,0.275132268667221,0.0211640205234289,0.116402119398117,,0.4682539701461792,0.1190476212650537,0.1984127014875412,0.0079365083947777,0.190476194024086,0.21111904084682465,0.2111190408468246,6501277.574427931,5216308.198615458,1284969.5744279306,6501277.574427931,123194.0,192939.0,475283.0,356758.0,Active,1.0,0.116402119398117,0.0026455025654286,0.0,unresolvable,405538.0,48780.0,0.1367313416938092,True,356758.0,118525.0,0.2493777391575124,under_0.50,True,False,False,False,False,False,False,False,False,False,False,False,True,13799.757139194331,3399.390408539499,17199.147022296114,325.9100529100529,510.42063492063494,1257.3624338624338,943.8042328042328,17709.568182654468,3.6987653461735825,2.967709004748614,2.8821744539462864,Q1,Q5,Q5,Q5
8911,8911,02M297,M.S. 297,2025,2.0,Middle/Junior High School,297.0,M,True,0.0707070678472518,0.1111111119389534,0.5723905563354492,,0.2087542116641998,0.0370370522141456,0.1986531913280487,0.3905723989009857,0.747474730014801,0.7218270897865295,0.7218270897865295,7400316.79601458,4994039.40588878,2406277.79601458,7400316.79601458,132500.0,132500.0,135500.0,3000.0,Active,1.0,0.0303030312061309,0.0067340065725147,0.0,unresolvable,135500.0,132500.0,44.166666666666664,True,272306.0,136806.0,1.0096383763837635,under_2.00,True,False,False,False,False,False,False,False,False,False,False,False,True,16814.947494575015,8101.9454411265315,24916.89156907266,446.12794612794613,446.12794612794613,456.22895622895624,10.1010101010101,25363.020881829492,2.6531628854141815,1.7904638902939602,1.7589701646547724,Q2,Q5,Q5,Q3
8965,8965,02M580,Richard R. Green High School of Teaching,2025,2.0,Senior High School,407.0,M,True,0.120393119752407,0.1646191626787185,0.3808353841304779,,0.2555282413959503,0.0786240920424461,0.199017196893692,0.0540540553629398,0.601965606212616,0.5801474452018738,0.5801474452018738,7158165.074497191,5393555.386688629,1764610.0744971912,7158165.074497191,40184.328125,525318.0,20625.05078125,34931.16015625,Active,1.0,0.0442260429263114,0.0098280096426606,0.0245700236409902,unresolvable,-464508.62109375,499439.78125,14.297829760476436,True,22900.0,2274.94921875,0.1103002966091181,under_0.50,False,False,False,False,False,False,False,False,False,False,False,False,True,13251.978837072798,4335.651288690888,17587.629175668775,98.73299293611794,1290.7076167076168,50.675800445331696,85.82594632985258,18878.337742471303,9.7397349677078,7.338724303405362,6.836977382609474,Q1,Q4,Q5,Q5
8970,8970,02M896,Lower Manhattan Community Middle School,2025,2.0,Middle/Junior High School,312.0,M,True,0.233974352478981,0.0929487198591232,0.3044871687889099,,0.3108974397182464,0.0576923191547393,0.2756410241127014,0.1153846159577369,0.5128205418586731,0.49339744448661804,0.493397444486618,7018498.217197996,5225912.067754867,1792586.2171979956,7018498.217197996,157196.40625,98093.171875,148517.0,150257.65625,Active,1.0,0.0576923079788684,0.0,0.0,unresolvable,207620.234375,57362.578125,0.3817614327056962,True,,,,,False,False,False,False,False,False,False,False,False,False,False,False,True,16749.718165880982,5745.468644865371,22495.18659358332,503.8346354166667,314.40119190705127,476.0160256410256,481.5950520833333,22809.588002653403,1.877053624385654,1.397637626161026,1.3783729669461544,Q1,Q5,Q5,Q5
8973,8973,03M075,P.S. 075 Emily Dickinson,2025,3.0,K-8 School,467.0,M,True,0.0364025682210922,0.1434689462184906,0.556745171546936,,0.2205567508935928,0.0428265631198883,0.4282655119895935,0.2119914293289184,0.6766595244407654,0.6702269911766052,0.6702269911766052,18690987.476621393,7421766.78213465,11269220.476621391,18690987.476621393,10090.0,117919.59375,134910.0,374695.90625,Active,1.0,0.0364025682210922,0.0064239827916026,0.0,unresolvable,27080.40625,347615.5,0.9277269759335676,True,20173.75,114736.25,0.8504651248980802,under_1.00,True,False,False,False,False,False,False,False,False,False,False,False,True,15892.434222986403,24131.09309769035,40023.52778719785,21.60599571734475,252.50448340471092,288.8865096359743,802.3466943254818,40276.03180408146,1.5888345351116508,0.630890122298211,0.6269348522421703,Q2,Q3,Q5,Q5
8975,8975,03M084,P.S. 084 Lillian Weber,2025,3.0,K-8 School,692.0,M,True,0.0245664734393358,0.1069364175200462,0.2947976887226105,,0.5,0.0736994203180074,0.1878612786531448,0.0997109860181808,0.33959537744522095,0.3954949378967285,0.3954949378967285,12483559.332003316,7125458.655457005,5358100.332003316,12483559.332003316,709172.0,671598.0,772084.0,37574.0,Active,1.0,0.0708092451095581,0.0028901733458042,0.0,unresolvable,809658.0,772084.0,20.54835790706339,True,769890.44,2193.560000000056,0.0028410898296041,under_0.01,False,True,False,False,False,False,False,False,False,True,False,True,True,10296.90557146966,7742.919554918087,18039.82562428225,1024.8150289017342,970.5173410404624,1115.728323699422,54.29768786127168,19010.34246742821,9.425330108198148,5.379859879211423,5.105206901373688,Q1,Q5,Q5,Q4
8984,8984,03M191,The Riverside School for Makers and Artists,2025,3.0,K-8 School,492.0,M,True,0.0508130080997943,0.1768292635679245,0.6585366129875183,,0.0873983725905418,0.0264227427542209,0.2154471576213836,0.3434959352016449,0.8638211488723755,0.8843869566917419,0.8843869566917419,13789024.905248104,6851920.436859453,6937104.905248104,13789024.905248104,6854.56005859375,6936.0,24388.51953125,6936.58984375,Active,1.0,0.0162601619958877,0.0020325202494859,0.0081300809979438,unresolvable,24307.07958984375,17370.48974609375,2.5041829108210707,True,24487.58,99.06046875000176,0.00406176638246,under_0.01,False,False,False,False,False,False,False,False,False,False,False,False,True,13926.667554592384,14099.80671798395,28026.473384650617,13.93203263941819,14.097560975609756,49.57016164888211,14.098759845020323,28040.571833551945,0.1012270948548708,0.0503008736851302,0.0502755846268126,Q3,Q3,Q3,Q3
9004,9004,03M485,Fiorello H. LaGuardia High School of Music & Art a,2025,3.0,Senior High School,2248.0,M,True,0.1943950206041336,0.1120996475219726,0.1739323884248733,,0.3919039070606231,0.1276690363883972,0.0867437720298767,0.0071174376644194,0.29492881894111633,0.3425195813179016,0.3425195813179016,34465670.697308615,30545707.928079728,3919962.697308615,34465670.697308615,195224.0,431400.0,431400.0,1062989.0,Active,1.0,0.0831850543618202,0.003113878890872,0.0413701049983501,unresolvable,195224.0,867765.0,0.8163442895457996,True,823700.0,392300.0,0.9093648585999072,under_1.00,True,False,False,False,False,False,False,False,False,False,False,False,True,13587.948366583509,1743.7556482689567,15331.704046845469,86.84341637010677,191.90391459074732,191.90391459074732,472.8598754448399,15523.607929443211,1.4123097130887816,1.2516802698799288,1.2362069118691703,Q1,Q4,Q5,Q5
9074,9074,06M103,Dos Puentes Elementary School,2025,6.0,K-8 School,420.0,M,True,0.0095238098874688,0.0142857143655419,0.7452380657196045,,0.2000000029802322,0.0309524070471525,0.2142857164144516,0.3666666746139526,0.6571428775787354,0.6596547365188599,0.6596547365188599,9162989.056257552,6209861.998704456,2953127.0562575534,9162989.056257552,0.0,0.0,45000.0,0.0,Active,1.0,0.0309523809701204,0.0,0.0,unresolvable,45000.0,45000.0,inf,True,0.0,45000.0,1.0,under_1.00,False,False,False,False,False,False,False,False,False,False,False,False,True,14785.385711201085,7031.254895851318,21816.64061013703,0.0,0.0,107.14285714285714,0.0,21816.640607052403,0.0,0.0,0.0,Q2,Q1,Q1,Q1
9151,9151,08X062,P.S. 062 Inocensio Casanova,2025,8.0,K-8 School,435.0,X,True,0.0022988505661487,0.158620685338974,0.8229885101318359,,0.009195402264595,0.0068965516984462,0.3103448152542114,0.1218390837311744,Above 95%,0.9486612677574158,0.9486612677574158,11873127.84968521,5915677.052967323,5957450.849685211,11873127.84968521,6418.47998046875,4749.06982421875,1115.1800537109375,166941.0,Active,1.0,0.0022988505661487,0.0045977011322975,0.0,unresolvable,2784.5902099609375,164156.40979003906,0.9833199141615244,True,1126.17,10.989946289062573,0.0098548626766518,under_0.01,False,False,False,False,False,False,False,False,True,False,True,True,True,13599.25759302833,13695.289309621174,27294.546780885543,14.755126391882184,10.917401894755749,2.5636323073814653,383.77241379310345,27305.46430454426,0.0802793962837542,0.0399984728905674,0.03998248050894,Q5,Q3,Q3,Q5
9407,9407,12X006,P.S. 006 West Farms,2025,12.0,K-8 School,433.0,X,True,0.0023094688076525,0.2540415823459625,0.7136258482933044,,0.0161662809550762,0.0138568195980042,0.2609699666500091,0.1801385730504989,Above 95%,Above 95%,0.95,12167711.792145409,6161946.647439911,6005764.792145409,12167711.792145409,281919.0,1327.0799560546875,1160.97998046875,1492.8299560546875,Active,1.0,0.0069284066557884,0.0069284066557884,0.0,unresolvable,281752.90002441406,280260.0700683594,187.73743716199417,True,1013.98,146.99998046874998,0.1266171535614233,under_0.50,False,False,False,False,False,False,False,False,False,False,False,False,True,14230.823666142982,13870.126540751522,28100.951021121036,651.0831408775981,3.06484978303623,2.6812470680571594,3.4476442403110568,28104.01505667754,0.0215366998772384,0.0109065696058921,0.0109053802030095,Q5,Q5,Q2,Q2
9463,9463,13K133,P.S. 133 William A. Butler,2025,13.0,K-8 School,614.0,K,True,0.0390879474580287,0.2524429857730865,0.3452768623828888,,0.2687296271324157,0.0944625772535801,0.2198697030544281,0.0553745925426483,0.4576547145843506,0.48292821645736694,0.4829282164573669,11207832.84641067,6740644.222896081,4467188.846410669,11207832.84641067,412912.96875,128048.8515625,308365.75,104547.21875,Active,1.0,0.0879478827118873,0.006514657754451,0.0,unresolvable,593229.8671875,488682.6484375,4.674276889240538,True,275688.34,32677.409999999974,0.1059696480559205,under_0.50,False,False,False,False,False,False,False,False,False,False,False,False,True,10978.247920026191,7275.551867118355,18253.79942412161,672.4966917752442,208.54861817996743,502.224348534202,170.27234324104234,18462.348405324516,1.8996530202195496,1.1424943012377982,1.1295888134170884,Q1,Q5,Q5,Q5
9468,9468,13K282,P.S. 282 Park Slope,2025,13.0,K-8 School,573.0,K,True,0.0680628269910812,0.273996502161026,0.1675392687320709,,0.4066317677497864,0.0837696343660354,0.2356020957231521,0.015706805512309,0.34205934405326843,0.35672077536582947,0.3567207753658294,13244717.14549308,5353475.442402627,7891242.145493079,13244717.14549308,218206.75,125945.59375,81601.3125,88261.15625,Active,1.0,0.0680628269910812,0.015706805512309,0.0,unresolvable,173862.46875,85601.3125,0.9698639371722484,True,90773.27,9171.957500000004,0.1123996320524869,under_0.50,False,False,False,False,False,False,False,False,False,False,False,False,True,9342.889079236696,13771.801301035042,23114.689608190365,380.81457242582894,219.8003381326353,142.41066753926702,154.0334315008726,23334.490718404373,2.3525949657382927,0.950911917306266,0.9419547572638112,Q1,Q5,Q5,Q5
9530,9530,15K010,"Magnet School of Math, Science and Design Technolo",2025,15.0,K-8 School,844.0,K,True,0.1054502353072166,0.0580568723380565,0.2263033241033554,,0.5,0.1101895682513713,0.2120853066444397,0.0402843616902828,0.21682465076446533,0.2749443054199219,0.2749443054199219,15772269.362633845,10209802.94840983,5562466.362633843,15772269.362633845,475369.40625,543420.0625,1460.0,0.0,Active,1.0,0.1101895719766616,0.0,0.0,unresolvable,-66590.65625,66590.65625,inf,True,491946.78,490486.78,335.9498493150685,extreme_outlier,True,False,False,False,False,False,False,False,False,False,False,False,True,12096.922924656195,6590.599955727302,18687.52294150929,563.2338936611375,643.8626332938388,1.7298578199052133,0.0,19331.385513677335,5.322532327469037,3.4454145437524613,3.3306595163724877,Q1,Q5,Q5,Q1
9534,9534,15K032,P.S. 032 Samuel Mills Sprole,2025,15.0,K-8 School,485.0,K,True,0.0865979418158531,0.1608247458934784,0.2268041223287582,,0.4494845271110534,0.0762886628508567,0.3195876181125641,0.0391752570867538,0.3546391725540161,0.40671074390411377,0.4067107439041137,18835777.495628595,5110669.452111709,13725108.495628595,18835777.495628595,140700.15625,92992.8984375,252206.078125,47707.26171875,Active,1.0,0.0701030939817428,0.0041237114928662,0.0020618557464331,unresolvable,299913.3359375,252206.07421875,5.286534274500762,True,251086.2,1119.8781249999884,0.0044403296436216,under_0.01,False,False,False,False,False,False,False,False,False,False,False,False,True,10537.462787859196,28299.19277449195,38836.654630162055,290.10341494845363,191.7379349226804,520.0125322164948,98.3654880798969,39028.39349727383,1.819583506796271,0.4937035302051205,0.491278073015519,Q1,Q5,Q5,Q5
9536,9536,15K039,P.S. 039 Henry Bristow,2025,15.0,K-8 School,365.0,K,True,0.0958904102444648,0.0547945201396942,0.093150682747364,,0.6383561491966248,0.1178082376718521,0.1671232879161834,0.0273972600698471,0.14794521033763885,0.16913774609565735,0.1691377460956573,6838470.39507163,4465937.086909443,2372533.3950716304,6838470.39507163,167500.0,181671.0,202820.0,209000.0,Active,1.0,0.1178082227706909,0.0,0.0,unresolvable,188649.0,20351.0,0.0973732057416267,True,305264.33,102444.33000000002,0.5050997436150282,under_1.00,True,False,False,False,False,False,False,False,False,False,False,False,True,12235.444073724502,6500.091493346932,18735.53532896337,458.904109589041,497.7287671232877,555.6712328767123,572.6027397260274,19233.26433419472,4.067925643926201,2.6566028586001806,2.587853859005447,Q1,Q5,Q5,Q5
9547,9547,15K146,"The Brooklyn New School, P.S. 146",2025,15.0,K-8 School,638.0,K,True,0.0470219440758228,0.1269592493772506,0.2304075211286544,,0.4498432576656341,0.1457680277526378,0.2476489096879959,0.032915361225605,0.3746081590652466,0.38523584604263306,0.385235846042633,13914717.576178528,7853871.997539705,6060845.576178528,13914717.576178528,150155.96875,70423.921875,72385.5703125,168330.96875,Active,1.0,0.1442006230354309,0.0015673980815336,0.0,unresolvable,152117.6171875,16213.3515625,0.0963182929611696,True,99013.43,26627.859687499993,0.3678614338816879,under_0.50,False,False,False,False,False,False,False,False,False,False,False,False,True,12310.144196770698,9499.757956392676,21809.90215701964,235.3541829937304,110.38232268808775,113.4570067594044,263.8416438087774,21920.284475851466,0.8966777392993026,0.5061110402669121,0.5035624550870772,Q1,Q5,Q5,Q5
9574,9574,15K839,M.S. 839,2025,15.0,Middle/Junior High School,314.0,K,True,0.1146496832370758,0.0700636953115463,0.3280254900455475,,0.4235668778419494,0.0636942535638809,0.2802547812461853,0.0573248416185379,0.4585987329483032,0.47318151593208313,0.4731815159320831,6811676.571412029,5113434.081775926,1698242.5714120287,6811676.571412029,98790.1875,66268.328125,69356.40625,30521.859375,Active,1.0,0.0573248416185379,0.0,0.0063694268465042,unresolvable,101878.265625,71356.40625,2.3378787436668085,True,3312.43,66043.97625,0.9522404608442354,under_1.00,True,False,False,False,False,False,False,False,False,False,False,False,True,16284.82191648384,5408.415832522384,21693.23748857334,314.6184315286624,211.04563097133757,220.88027468152868,97.20337380573248,21904.28337997756,1.2959652371618062,0.972863691196408,0.9634902444400316,Q1,Q5,Q5,Q5
9654,9654,18K235,P.S. 235 Janice Marie Knight School,2025,18.0,K-8 School,674.0,K,True,0.0385756678879261,0.8397626280784607,0.0593471825122833,,0.019287833943963,0.0430266875773668,0.1765578687191009,0.0504451021552085,0.8160237669944763,0.7213491797447205,0.7213491797447205,13316734.93864682,7978455.054124445,5338279.938646821,13316734.93864682,33230.0,33189.51171875,11388.4599609375,40.4900016784668,Active,1.0,0.0281899105757474,0.0148367956280708,0.0,unresolvable,11428.9482421875,11388.458240509031,281.26593648835507,True,522.87,10865.5899609375,0.954087734268422,under_1.00,False,False,False,False,False,False,False,False,False,False,False,False,True,11837.470406712826,7920.296644876589,19757.766971286084,49.3026706231454,49.24259898924333,16.89682486785979,0.0600741864665679,19807.009650578657,0.4159892045966061,0.2492316012270388,0.2486119816044437,Q2,Q4,Q4,Q1
9658,9658,18K276,P.S. 276 Louis Marshall,2025,18.0,K-8 School,569.0,K,True,0.0351493842899799,0.7170474529266357,0.0966608077287674,,0.1195079088211059,0.0316344462335109,0.2056238949298858,0.2021089643239975,0.8840070366859436,0.8577627539634705,0.8577627539634705,14181691.177629445,6601978.568790728,7579712.177629443,14181691.177629445,11448.51953125,60736.48046875,10486.76953125,5372.0400390625,Active,1.0,0.0035149385221302,0.028119508177042,0.0,unresolvable,-38801.19140625,44173.2314453125,8.222803836924005,True,5372.04,5114.72953125,0.4877316618819919,under_0.50,False,False,False,False,False,False,False,False,False,False,False,False,True,11602.7742860997,13321.111032740671,24923.886076677405,20.12042096880492,106.7424964301406,18.43017492311072,9.441195147737258,25030.627815270513,0.9199739113947925,0.4282738899614261,0.4264475265508227,Q3,Q3,Q4,Q3
9756,9756,20K259,J.H.S. 259 William McKinley,2025,20.0,Middle/Junior High School,1798.0,K,True,0.5539488196372986,0.0100111234933137,0.2035595178604126,,0.2119021117687225,0.0205784272402524,0.1262513846158981,0.1479421555995941,0.8092324733734131,0.774982750415802,0.774982750415802,29876013.5647654,22789862.029476732,7086151.564765401,29876013.5647654,111391.5,80373.8828125,11355.7998046875,31.020000457763672,Active,1.0,0.0155728589743375,0.002224694006145,0.0027808677405118,unresolvable,42373.4169921875,42342.396991729736,1365.0031066048002,True,12953.16,1597.3601953125,0.1406647019836625,under_0.50,False,False,False,False,False,False,False,False,False,False,False,False,True,12675.11792518172,3941.1299025391554,16616.247811326695,61.95300333704116,44.70182581340378,6.315795219514738,0.0172525030354636,16660.94965353428,0.3526738455394915,0.2690247901992179,0.2683029886469122,Q2,Q4,Q4,Q1
9766,9766,20K505,Franklin Delano Roosevelt High School,2025,20.0,Senior High School,3412.0,K,True,0.3736811280250549,0.0562719814479351,0.3968347012996673,,0.1567995250225067,0.0164126642048358,0.1694021075963974,0.3138921558856964,0.8426142930984497,0.8851664662361145,0.8851664662361145,62413320.5332681,42787742.79535832,19625577.5332681,62413320.5332681,19347.0,17518.0,13004.919921875,1829.0,Active,1.0,0.0046893316321074,0.0052754981443285,0.0064478311687707,unresolvable,14833.919921875,13004.919921875,7.1103990824904315,True,1829.0,11175.919921875,0.8593609179458676,under_1.00,False,False,False,False,False,False,False,False,False,False,False,False,True,12540.370104149568,5751.927764732738,18292.29792885935,5.670281359906213,5.134232121922626,3.811524009928194,0.5360492379835874,18297.43210100423,0.0409416315410318,0.0280677263288089,0.0280598505667435,Q3,Q2,Q2,Q1
9770,9770,20K686,Brooklyn School of Inquiry,2025,20.0,K-8 School,501.0,K,True,0.3892215490341186,0.0618762485682964,0.0518962070345878,,0.4411177635192871,0.0558882318437099,0.0918163657188415,0.0698602795600891,0.371257483959198,0.4258243441581726,0.4258243441581726,6806320.627158252,5443904.376779001,1362416.6271582516,6806320.627158252,317232.625,247160.0625,313982.0,284753.71875,Active,1.0,0.0558882243931293,0.0,0.0,unresolvable,384054.5625,99300.84375,0.3487253623443679,True,216918.79,97063.21,0.3091362243695498,under_0.50,True,False,False,False,False,False,False,False,False,False,False,False,True,10866.076600357288,2719.3944653857316,13585.470313689126,633.1988522954092,493.33345808383234,626.7105788423154,568.3706961077844,14078.804523826851,4.540124980046718,3.6313314643714234,3.504086469852874,Q1,Q5,Q5,Q5
9785,9785,21K153,P.S. 153 Homecrest,2025,21.0,K-8 School,511.0,K,True,0.2426614463329315,0.0254403129220008,0.3013698756694793,,0.39334636926651,0.0371819958090782,0.1937377750873565,0.3502935469150543,0.8982387185096741,0.8611037135124207,0.8611037135124207,12970809.263749544,6876875.650489483,6093933.263749545,12970809.263749544,23056.060546875,1939506.0,6591.0,3661.0,Active,1.0,0.0156555771827697,0.0215264186263084,0.0,unresolvable,-1909858.939453125,1913519.939453125,522.6768477063986,True,6591.0,0.0,0.0,exact_match,False,False,False,False,False,True,False,False,False,False,True,True,True,13457.682290586072,11925.50540851183,25383.188383071516,45.11949226394325,3795.510763209393,12.898238747553815,7.164383561643835,29178.698462307293,28.20330188552922,14.952852675279694,13.007813488125176,Q3,Q4,Q5,Q3
9815,9815,22K052,P.S. 052 Sheepshead Bay,2025,22.0,K-8 School,704.0,K,True,0.1960227340459823,0.0951704531908035,0.1576704531908035,,0.53125,0.0198863595724105,0.1349431872367859,0.3139204680919647,0.8508522510528564,0.8266875147819519,0.8266875147819519,15773374.817491831,8687903.839706298,7085470.817491831,15773374.817491831,104802.2890625,8108198.0,16421.640625,23720.310546875,Active,1.0,0.0127840908244252,0.0071022729389369,0.0,unresolvable,-7986974.0703125,8010694.380859375,337.71456596358655,True,16324.5,97.140625,0.0059154031694077,under_0.01,False,False,False,False,False,False,False,False,False,False,False,False,True,12340.77249958281,10064.589229391806,22405.361956664532,148.8668878728693,11517.326704545454,23.326194069602273,33.69362293590199,33922.688433520074,93.32743720001976,51.404332261276394,33.95169180005275,Q3,Q5,Q5,Q4
9889,9889,24Q061,I.S. 061 Leonardo Da Vinci,2025,24.0,Middle/Junior High School,2150.0,Q,True,0.0358139537274837,0.0153488367795944,0.9376744031906128,,0.0079069770872592,0.0032558292150497,0.1627907007932663,0.4530232548713684,0.9497674703598022,0.9215744137763977,0.9215744137763976,46055923.77959424,34253493.18272577,11802430.779594244,46055923.77959424,32532.44921875,2381376.0,5342.25,8718.6904296875,Active,1.0,0.0009302325779572,0.0023255813866853,0.0,unresolvable,-2343501.30078125,2352219.9912109375,269.7905161538402,True,5342.25,0.0,0.0,exact_match,False,False,False,False,False,False,False,False,False,False,False,False,True,15931.857294291058,5489.502688183368,21421.359897485698,15.131371729651162,1107.6167441860466,2.4847674418604653,4.055204851017442,22528.976726660472,6.952213566355157,5.170618249666081,4.916409483674874,Q4,Q3,Q5,Q2
9915,9915,24Q290,A.C.E. Academy for Scholars at the Geraldine Ferra,2025,24.0,K-8 School,573.0,Q,True,0.0802792310714721,0.0087260035797953,0.5322862267494202,,0.3246073424816131,0.0541011961176991,0.1500872671604156,0.1605584621429443,0.6666666865348816,0.6333560347557068,0.6333560347557068,10107373.978760729,6857247.5190312695,3250125.9787607286,10107373.978760729,39120.55078125,34465.01171875,24426.310546875,4655.5400390625,Active,1.0,0.0453752167522907,0.0069808028638362,0.001745200715959,unresolvable,29081.849609375,24426.3095703125,5.246718826465361,True,,,,,False,False,False,False,False,False,False,False,False,False,False,False,True,11967.273157122634,5672.122126982074,17639.39612349167,68.27321253272251,60.1483625109075,42.62881421793194,8.124851726112565,17699.543646615613,0.5026070828433346,0.3409887849324021,0.3398300027352395,Q1,Q4,Q4,Q3
9953,9953,25Q189,J.H.S. 189 Daniel Carter Beard,2025,25.0,Middle/Junior High School,607.0,Q,True,0.5255354046821594,0.0296540353447198,0.405271828174591,,0.0214168038219213,0.0181219279766082,0.1680395454168319,0.311367392539978,0.8336079120635986,0.8330231308937073,0.8330231308937073,13046903.973178828,9459765.599156434,3587137.973178828,13046903.973178828,0.0,0.0,1250.0,12500.0,Active,1.0,0.0115321250632405,0.0065897856839001,0.0,unresolvable,1250.0,11250.0,0.9,True,,,,,False,False,False,False,False,False,False,False,False,False,False,False,True,15584.457329747009,5909.617748235301,21494.075738350624,0.0,0.0,2.059308072487644,20.59308072487644,21494.075077982307,0.0,0.0,0.0,Q3,Q1,Q1,Q4
9954,9954,25Q193,P.S. 193 Alfred J. Kennedy,2025,25.0,K-8 School,559.0,Q,True,0.3076923191547394,0.0089445440098643,0.2271914184093475,,0.4293380975723266,0.026833620853722,0.1663685142993927,0.0840787142515182,0.43470484018325806,0.45268872380256653,0.4526887238025665,10266424.882855728,6819333.512701457,3447090.8828557283,10266424.882855728,127755.7109375,105215.28125,34759.3984375,2254043.0,Active,1.0,0.025044722482562,0.0017889087321236,0.0,unresolvable,57299.828125,2196743.171875,0.9745790882760444,True,34759.4,0.0015625000014551,4.4951871197215435e-08,under_0.01,False,False,False,False,True,False,False,False,False,True,False,True,True,12199.16549678257,6166.531096342985,18365.69746485819,228.54331115831843,188.2205389087657,62.181392553667266,4032.277280858676,18553.91713203432,1.5428968396109328,1.0248483035774487,1.01445171241218,Q1,Q5,Q5,Q5
10019,10019,27Q060,P.S. 060 Woodhaven,2025,27.0,K-8 School,966.0,Q,True,0.1915113925933838,0.0362318828701972,0.7215321063995361,,0.025879917666316,0.0248447004705667,0.1583850979804992,0.2857142984867096,0.7960662245750427,0.7615900635719299,0.7615900635719299,19569261.5888166,11332914.806271063,8236346.588816598,19569261.5888166,2207408.0,18052.890625,1280.699951171875,4021.18994140625,Active,1.0,0.0093167703598737,0.0155279505997896,0.0,unresolvable,2190635.809326172,2186614.6193847656,543.7730252105637,True,1280.7,4.8828125045474735e-05,3.8126123922153424e-08,under_0.01,False,False,False,False,False,False,False,False,False,False,False,False,True,11731.795865705037,8526.238704779087,20258.034771031675,2285.1014492753625,18.68829257246377,1.3257763469688146,4.162722506631729,20276.722863056588,0.1592960940199642,0.0922512612091446,0.0921662366933859,Q2,Q5,Q3,Q2
10050,10050,27Q262,Channel View School for Research,2025,27.0,Junior-Senior High School,1178.0,Q,True,0.0543293729424476,0.4142614603042602,0.4312393963336944,,0.066213920712471,0.0339558497071266,0.1511035710573196,0.0585738532245159,0.7962648272514343,0.8031918406486511,0.8031918406486511,25622389.756647293,14336622.218339538,11285767.756647293,25622389.756647293,1422.0,632.0,0.0,11472.580078125,Active,1.0,0.0152801359072327,0.0169779285788536,0.0016977929044514,unresolvable,790.0,10682.580078125,0.9311401624900132,True,11472.58,11472.58,1147258.0,extreme_outlier,False,False,False,False,False,False,False,False,False,False,False,False,True,12170.307485856993,9580.44801073624,21750.75531124558,1.2071307300509335,0.5365025466893039,0.0,9.73903232438455,21751.291999139925,0.0044082908119845,0.0024665927183315,0.0024665318790358,Q2,Q1,Q1,Q3
10076,10076,28Q048,David N. Dinkins School,2025,28.0,K-8 School,456.0,Q,True,0.3421052694320678,0.3377192914485931,0.2631579041481018,,0.0175438597798347,0.0394736751914024,0.2324561476707458,0.1754385977983474,0.8969298005104065,0.8710153698921204,0.8710153698921204,10308769.347185751,6061651.919751757,4247117.347185751,10308769.347185751,12188.8203125,12201.990234375,12188.8203125,-13.170000076293944,Active,1.0,0.0087719298899173,0.0307017546147108,0.0,unresolvable,12175.650390625,12188.820390701294,-925.498885352417,True,,,,,False,False,False,False,False,False,False,False,False,False,False,False,True,13293.09631524508,9313.8538315477,22606.95032277577,26.72986910635965,26.758750513980264,26.72986910635965,-0.0288815791146797,22633.70889730676,0.2012981015062097,0.1183651493541863,0.11822521190554,Q3,Q3,Q3,Q1
10174,10174,30Q070,P.S. 070,2025,30.0,K-8 School,775.0,Q,True,0.0967741906642913,0.0283870976418256,0.4361290335655212,,0.3948387205600738,0.0438709575682878,0.1599999964237213,0.236129030585289,0.7535483837127686,0.7087019085884094,0.7087019085884094,18135149.72701061,9235171.3165585,8899978.727010611,18135149.72701061,28010.650390625,41542.7890625,16187.58984375,18843.0390625,Active,1.0,0.0348387099802494,0.0077419355511665,0.0012903226306661,unresolvable,2655.451171875,16187.587890625,0.8590752180119565,True,964.62,15222.96984375,0.9404099060261006,under_1.00,False,False,False,False,False,False,False,False,False,False,False,False,True,11916.350085881932,11483.84351872337,23400.193196142725,36.14277469758065,53.60359879032258,20.887212701612903,24.31359879032258,23453.797203395625,0.4498323597745773,0.2290733172201269,0.2285497706789337,Q2,Q3,Q4,Q4
10291,10291,31R460,Susan E. Wagner High School,2025,31.0,Senior High School,2740.0,R,True,0.2281021922826767,0.0850364938378334,0.3412408828735351,,0.3200729787349701,0.0255474522709846,0.2043795585632324,0.0656934306025505,0.6824817657470703,0.6395605802536011,0.6395605802536011,49306536.574159555,36145369.51614598,13161166.574159555,49306536.574159555,6828.169921875,7101.89990234375,13670.26953125,213.5500030517578,Active,1.0,0.0237226281315088,0.0014598539564758,0.0003649634891189,unresolvable,13396.53955078125,13182.989547729492,61.732565485069784,True,2815.45,10854.81953125,0.7940457579447185,under_1.00,False,False,False,False,False,False,False,False,False,False,False,False,True,13191.74069932335,4803.345465021735,17995.086340934144,2.492032818202554,2.591934270928376,4.989149463959854,0.0779379573181597,17997.678098616012,0.0196481596326504,0.0144035667393959,0.014401492410825,Q1,Q1,Q2,Q1
